year	year_id	team_id	team_name	jersey_number	player_id	player_name	player_url	class_year	position	GP	GS	App	GS	ERA	IP	H	R	ER	BB	SO	SHO	BF	OppAB	2B	3B	HR	WP	Balk	HBP	IBB	IR	IR-S	SH	SF	Pitches	GO	FO	W	L	SV	KC
2015	12080	26172	A&M-Corpus Chris	-	Totals	-	-	-	-	 	 	3.77	336.1	339	177	141	130	304	4	1,483	1,281	50	3	12	35	3	25	3	 	 	38	9	 	388	272	 	 	 	93
2015	12080	26172	A&M-Corpus Chris	-	Opponent Totals	-	-	-	-	 	 	4.47	332.0	340	196	165	137	253	3	1,467	1,266	45	18	11	36	5	26	7	 	 	23	14	 	378	306	 	 	 	83
2015	12080	2	Abilene Christian	-	Totals	-	-	-	-	 	 	4.58	355.2	389	227	181	160	292	2	1,630	1,392	73	13	19	35	12	38	4	 	 	28	12	 	349	362	 	 	 	84
2015	12080	2	Abilene Christian	-	Opponent Totals	-	-	-	-	 	 	2.67	368.0	323	144	109	99	351	3	1,540	1,348	50	8	7	29	 	34	4	 	 	47	12	 	388	311	 	 	 	104
2015	12080	721	Air Force	-	Totals	-	-	-	-	 	 	4.59	363.0	360	234	185	191	301	1	1,639	1,364	72	10	9	34	11	47	1	 	 	20	13	 	463	242	 	 	 	80
2015	12080	721	Air Force	-	Opponent Totals	-	-	-	-	 	 	5.03	368.2	423	254	206	101	306	4	1,660	1,470	108	12	26	37	3	54	2	 	 	17	18	 	383	345	 	 	 	65
2015	12080	5	Akron	-	Totals	-	-	-	-	 	 	3.98	355.0	345	189	157	113	269	3	1,540	1,364	69	8	26	36	3	28	1	 	 	22	13	 	377	364	 	 	 	66
2015	12080	5	Akron	-	Opponent Totals	-	-	-	-	 	 	3.75	362.2	375	201	151	140	273	2	1,607	1,384	50	8	13	29	4	37	7	 	 	33	13	 	384	358	 	 	 	89
2015	12080	8	Alabama	-	Totals	-	-	-	-	 	 	4.05	391.0	370	196	176	187	334	5	1,713	1,440	60	7	20	39	3	33	7	 	 	38	15	 	414	352	 	 	 	94
2015	12080	8	Alabama	-	Opponent Totals	-	-	-	-	 	 	4.94	386.0	426	243	212	143	349	2	1,751	1,526	82	16	22	29	7	45	5	 	 	21	16	 	375	380	 	 	 	76
2015	12080	6	Alabama A&M	-	Totals	-	-	-	-	 	 	5.56	395.0	445	301	244	201	353	1	1,876	1,565	71	20	25	33	6	67	 	 	 	28	15	 	381	376	 	 	 	113
2015	12080	6	Alabama A&M	-	Opponent Totals	-	-	-	-	 	 	6.36	399.1	488	335	282	181	331	1	1,881	1,607	101	12	35	34	3	40	3	 	 	34	16	 	421	369	 	 	 	104
2015	12080	7	Alabama St.	-	Totals	-	-	-	-	 	 	4.52	362.2	404	225	182	149	371	1	1,657	1,440	77	7	18	31	5	32	 	 	 	22	14	 	344	313	 	 	 	127
2015	12080	7	Alabama St.	-	Opponent Totals	-	-	-	-	 	 	7.50	354.0	445	335	295	189	294	 	1,739	1,417	78	11	33	41	7	74	2	 	 	30	26	 	331	359	 	 	 	63
2015	12080	14	Albany (NY)	-	Totals	-	-	-	-	 	 	5.03	245.1	271	183	137	136	160	1	1,162	957	58	7	10	24	6	31	2	 	 	23	15	 	267	253	 	 	 	52
2015	12080	14	Albany (NY)	-	Opponent Totals	-	-	-	-	 	 	3.80	251.1	245	126	106	102	201	1	1,105	951	44	8	3	13	4	25	2	 	 	14	13	 	263	244	 	 	 	64
2015	12080	17	Alcorn	-	Totals	-	-	-	-	 	1	8.91	383.2	550	470	380	269	232	1	2,037	1,654	109	20	37	60	6	63	1	 	 	21	29	166	380	460	 	 	 	66
2015	12080	17	Alcorn	-	Opponent Totals	-	-	-	-	 	1	4.70	405.2	400	246	212	166	395	6	1,780	1,544	66	12	29	38	8	37	1	 	 	20	13	114	356	363	 	 	 	103
2015	12080	27	Appalachian St.	-	Totals	-	-	-	-	 	 	5.16	384.0	416	278	220	179	301	2	1,778	1,512	73	14	24	46	7	39	4	 	 	22	25	 	429	364	 	 	 	77
2015	12080	27	Appalachian St.	-	Opponent Totals	-	-	-	-	 	 	3.98	393.0	394	217	174	167	348	2	1,748	1,504	69	7	30	46	4	36	5	 	 	28	12	 	403	363	 	 	 	95
2015	12080	29	Arizona	-	Totals	-	-	-	-	 	 	4.09	365.1	382	188	166	103	251	3	1,579	1,399	67	14	8	25	3	30	6	 	 	27	19	 	427	357	 	 	 	67
2015	12080	29	Arizona	-	Opponent Totals	-	-	-	-	 	 	5.56	352.2	431	270	218	172	244	1	1,665	1,409	73	18	24	51	13	22	6	 	 	39	22	 	402	349	 	 	 	84
2015	12080	28	Arizona St.	-	Totals	-	-	-	-	 	 	3.67	363.0	345	180	148	149	348	 	1,580	1,356	53	10	24	41	6	30	8	 	 	30	15	 	366	319	 	 	 	99
2015	12080	28	Arizona St.	-	Opponent Totals	-	-	-	-	 	 	5.13	347.2	418	234	198	139	242	2	1,585	1,374	77	13	22	42	11	30	6	 	 	21	21	 	376	353	 	 	 	70
2015	12080	2678	Ark.-Pine Bluff	-	Totals	-	-	-	-	 	 	4.53	298.0	315	185	150	118	278	1	1,335	1,146	49	8	19	43	9	33	2	 	 	20	16	 	286	274	 	 	 	83
2015	12080	2678	Ark.-Pine Bluff	-	Opponent Totals	-	-	-	-	 	 	4.46	302.2	308	202	150	109	225	 	1,342	1,157	57	5	18	21	5	44	3	 	 	22	9	 	343	268	 	 	 	76
2015	12080	31	Arkansas	-	Totals	-	-	-	-	 	 	4.45	388.0	381	220	192	208	339	3	1,749	1,445	48	4	27	34	6	58	5	 	 	20	17	 	443	300	 	 	 	96
2015	12080	31	Arkansas	-	Opponent Totals	-	-	-	-	 	 	5.86	373.1	435	276	243	199	281	3	1,752	1,477	76	15	38	36	5	39	5	 	 	15	20	 	392	374	 	 	 	73
2015	12080	30	Arkansas St.	-	Totals	-	-	-	-	 	 	3.98	366.1	338	187	162	169	322	1	1,603	1,356	56	2	27	16	11	28	7	 	 	42	7	 	347	366	 	 	 	94
2015	12080	30	Arkansas St.	-	Opponent Totals	-	-	-	-	 	 	4.54	370.1	369	224	187	158	286	2	1,680	1,393	85	5	19	34	3	66	5	 	 	44	19	 	356	404	 	 	 	81
2015	12080	725	Army West Point	-	Totals	-	-	-	-	 	 	4.28	346.2	348	212	165	150	309	3	1,557	1,309	57	13	15	41	6	52	4	 	 	32	14	 	363	289	 	 	 	107
2015	12080	725	Army West Point	-	Opponent Totals	-	-	-	-	 	 	186.40	351.1	346	210	169	114	256	4	1,571	1,329	75	11	10	42	7	74	2	 	 	40	14	 	447	291	 	 	 	80
2015	12080	37	Auburn	-	Totals	-	-	-	-	 	 	3.31	397.0	376	173	146	164	354	5	1,730	1,509	71	8	17	34	1	28	7	 	 	19	10	 	396	380	 	 	 	91
2015	12080	37	Auburn	-	Opponent Totals	-	-	-	-	 	 	4.71	384.0	417	233	201	176	271	1	1,746	1,474	83	14	15	29	5	48	10	 	 	28	19	 	431	363	 	 	 	64
2015	12080	43	Austin Peay	-	Totals	-	-	-	-	 	 	5.26	364.2	374	267	213	156	296	1	1,680	1,430	76	9	39	42	2	59	4	 	 	18	17	 	364	391	 	 	 	82
2015	12080	43	Austin Peay	-	Opponent Totals	-	-	-	-	 	 	6.19	362.0	445	300	249	192	329	1	1,740	1,449	102	9	45	46	6	51	2	 	 	36	12	 	337	355	 	 	 	97
2015	12080	77	BYU	-	Totals	-	-	-	-	 	 	5.23	349.0	396	227	203	167	265	2	1,615	1,353	76	13	17	31	7	48	5	 	 	30	17	 	376	341	 	 	 	70
2015	12080	77	BYU	-	Opponent Totals	-	-	-	-	 	 	4.72	351.0	405	220	184	130	266	1	1,595	1,383	78	9	22	32	3	35	7	 	 	32	15	 	369	351	 	 	 	78
2015	12080	94	Bakersfield	-	Totals	-	-	-	-	 	 	3.33	370.1	360	167	137	145	251	5	1,598	1,389	56	14	14	39	8	28	10	 	 	26	10	 	415	372	 	 	 	82
2015	12080	94	Bakersfield	-	Opponent Totals	-	-	-	-	 	 	4.69	363.0	402	246	189	165	293	4	1,698	1,444	57	13	11	48	6	42	3	 	 	28	16	 	406	339	 	 	 	88
2015	12080	47	Ball St.	-	Totals	-	-	-	-	 	 	4.70	371.2	394	221	194	170	311	2	1,694	1,436	45	16	15	41	5	49	5	 	 	23	16	 	368	372	 	 	 	78
2015	12080	47	Ball St.	-	Opponent Totals	-	-	-	-	 	 	4.85	367.2	407	239	198	132	282	3	1,656	1,460	68	14	26	28	1	30	2	 	 	16	18	 	368	389	 	 	 	86
2015	12080	51	Baylor	-	Totals	-	-	-	-	 	 	5.07	378.1	440	241	213	160	247	2	1,761	1,522	70	11	23	39	1	37	3	 	 	27	14	 	415	417	 	 	 	52
2015	12080	51	Baylor	-	Opponent Totals	-	-	-	-	 	 	3.39	379.2	370	172	143	127	322	3	1,626	1,440	69	11	6	35	2	25	5	 	 	18	16	 	378	380	 	 	 	96
2015	12080	14927	Belmont	-	Totals	-	-	-	-	 	 	5.00	369.0	427	263	205	120	344	1	1,704	1,492	81	11	40	43	6	50	5	 	 	23	19	 	388	317	 	 	 	111
2015	12080	14927	Belmont	-	Opponent Totals	-	-	-	-	 	 	297.32	366.2	427	334	282	204	269	 	1,774	1,455	105	13	56	46	6	69	3	 	 	16	27	 	361	406	 	 	 	79
2015	12080	61	Bethune-Cookman	-	Totals	-	-	-	-	 	 	5.69	416.1	462	321	263	234	302	1	1,985	1,616	72	16	20	44	5	68	1	 	 	46	21	 	424	438	 	 	 	86
2015	12080	61	Bethune-Cookman	-	Opponent Totals	-	-	-	-	 	 	3.29	427.1	422	222	156	157	326	7	1,907	1,631	73	9	9	29	2	60	2	 	 	37	22	 	510	369	 	 	 	103
2015	12080	62	Binghamton	-	Totals	-	-	-	-	 	 	5.41	254.2	290	189	153	109	152	1	1,189	1,014	63	17	12	16	3	43	6	 	 	11	12	 	287	281	 	 	 	61
2015	12080	62	Binghamton	-	Opponent Totals	-	-	-	-	 	 	5.05	263.2	281	183	148	114	205	3	1,215	1,034	60	14	12	29	 	35	1	 	 	24	8	 	282	265	 	 	 	70
2015	12080	67	Boston College	-	Totals	-	-	-	-	 	 	4.45	378.0	365	218	187	152	345	4	1,652	1,420	90	9	26	31	2	44	3	 	 	23	13	 	361	353	 	 	 	102
2015	12080	67	Boston College	-	Opponent Totals	-	-	-	-	 	 	4.31	380.1	377	217	182	192	310	4	1,701	1,457	69	8	25	57	4	20	10	 	 	21	11	 	411	357	 	 	 	101
2015	12080	71	Bowling Green	-	Totals	-	-	-	-	 	 	4.60	326.2	342	213	167	120	182	2	1,466	1,272	60	11	23	35	2	40	4	 	 	21	13	 	355	379	 	 	 	65
2015	12080	71	Bowling Green	-	Opponent Totals	-	-	-	-	 	 	4.12	334.1	346	214	153	126	230	1	1,470	1,256	55	7	16	33	6	23	3	 	 	49	16	 	393	305	 	 	 	80
2015	12080	72	Bradley	-	Totals	-	-	-	-	 	 	4.09	343.0	316	179	156	127	290	8	1,483	1,288	67	10	23	37	4	36	 	 	 	15	17	 	308	381	 	 	 	83
2015	12080	72	Bradley	-	Opponent Totals	-	-	-	-	 	 	4.88	337.1	340	228	183	162	312	1	1,561	1,268	74	12	30	30	7	57	4	 	 	48	26	 	329	320	 	 	 	113
2015	12080	80	Brown	-	Totals	-	-	-	-	 	 	7.14	310.0	414	314	246	189	219	 	1,588	1,295	79	8	28	56	4	64	 	 	 	17	22	 	341	316	 	 	 	70
2015	12080	80	Brown	-	Opponent Totals	-	-	-	-	 	 	4.10	327.0	347	185	149	132	257	4	1,465	1,284	79	7	25	25	3	28	2	 	 	11	10	 	337	336	 	 	 	84
2015	12080	81	Bryant	-	Totals	-	-	-	-	 	 	4.84	288.1	302	200	155	145	215	5	1,332	1,119	58	5	14	43	8	33	2	 	 	20	14	 	297	299	 	 	 	81
2015	12080	81	Bryant	-	Opponent Totals	-	-	-	-	 	 	6.18	294.0	340	239	202	143	240	 	1,385	1,175	72	18	29	35	4	38	4	 	 	12	17	 	297	300	 	 	 	61
2015	12080	83	Bucknell	-	Totals	-	-	-	-	 	 	3.37	393.0	392	215	147	125	291	1	1,745	1,503	56	7	10	45	2	60	1	 	 	38	17	 	510	323	 	 	 	97
2015	12080	83	Bucknell	-	Opponent Totals	-	-	-	-	 	 	4.45	386.1	400	224	191	163	273	3	1,743	1,507	77	9	14	29	1	42	10	 	 	14	17	 	448	378	 	 	 	98
2015	12080	86	Buffalo	-	Totals	-	-	-	-	 	 	5.32	306.0	315	233	181	159	276	1	1,423	1,186	50	18	18	29	7	47	 	 	 	12	19	 	286	302	 	 	 	77
2015	12080	86	Buffalo	-	Opponent Totals	-	-	-	-	 	 	3.77	320.0	294	165	134	132	331	2	1,417	1,195	45	9	13	24	 	57	2	 	 	18	15	 	311	262	 	 	 	105
2015	12080	87	Butler	-	Totals	-	-	-	-	 	 	4.96	364.2	427	236	201	133	253	5	1,660	1,431	82	5	21	22	7	46	2	 	 	38	12	 	406	368	 	 	 	80
2015	12080	87	Butler	-	Opponent Totals	-	-	-	-	 	 	4.17	373.1	395	217	173	146	247	2	1,664	1,432	79	6	14	39	2	37	3	 	 	35	14	 	454	346	 	 	 	88
2015	12080	101	CSUN	-	Totals	-	-	-	-	 	 	2.58	370.0	315	140	106	121	335	5	1,541	1,362	57	9	17	28	3	19	6	 	 	32	7	 	426	289	 	 	 	98
2015	12080	101	CSUN	-	Opponent Totals	-	-	-	-	 	 	3.86	361.0	361	193	155	118	285	2	1,581	1,353	55	8	16	32	6	40	5	 	 	54	16	 	404	338	 	 	 	64
2015	12080	90	Cal Poly	-	Totals	-	-	-	-	 	 	4.37	354.0	372	212	172	159	293	1	1,590	1,351	50	18	8	35	3	23	3	 	 	38	18	 	374	340	 	 	 	83
2015	12080	90	Cal Poly	-	Opponent Totals	-	-	-	-	 	 	4.32	354.0	383	213	170	142	274	5	1,609	1,401	59	18	21	35	8	24	10	 	 	24	18	 	362	387	 	 	 	68
2015	12080	97	Cal St. Fullerton	-	Totals	-	-	-	-	 	 	3.38	372.2	383	176	140	74	346	4	1,590	1,452	66	14	19	29	1	30	3	 	 	25	8	 	360	350	 	 	 	110
2015	12080	97	Cal St. Fullerton	-	Opponent Totals	-	-	-	-	 	 	4.02	372.0	358	196	166	163	333	3	1,672	1,381	56	16	14	46	5	65	3	 	 	44	19	 	414	312	 	 	 	113
2015	12080	107	California	-	Totals	-	-	-	-	 	 	2.89	336.0	301	142	108	96	253	2	1,423	1,249	41	3	11	39	4	38	3	 	 	28	12	 	392	304	 	 	 	79
2015	12080	107	California	-	Opponent Totals	-	-	-	-	 	 	4.97	327.2	347	220	181	133	254	2	1,482	1,269	59	7	34	37	4	36	6	 	 	28	16	 	341	337	 	 	 	71
2015	12080	115	Campbell	-	Totals	-	-	-	-	 	 	3.21	373.0	389	189	133	106	294	2	1,636	1,476	70	12	17	28	4	19	1	 	 	22	12	 	365	409	 	 	 	79
2015	12080	115	Campbell	-	Opponent Totals	-	-	-	-	 	 	4.40	362.0	412	227	177	93	217	1	1,624	1,387	61	9	24	30	6	70	 	 	 	53	21	 	401	377	 	 	 	53
2015	12080	116	Canisius	-	Totals	-	-	-	-	 	 	5.20	370.1	386	269	214	170	313	4	1,704	1,451	83	18	22	41	3	49	1	 	 	23	11	 	415	324	 	 	 	97
2015	12080	116	Canisius	-	Opponent Totals	-	-	-	-	 	 	4.88	379.2	406	284	206	203	349	1	1,798	1,487	74	15	25	40	6	61	8	 	 	21	23	 	416	308	 	 	 	136
2015	12080	1004	Central Ark.	-	Totals	-	-	-	-	 	 	3.80	336.1	351	175	142	110	213	4	1,468	1,298	45	8	16	21	3	26	6	 	 	26	7	 	383	354	 	 	 	72
2015	12080	1004	Central Ark.	-	Opponent Totals	-	-	-	-	 	 	187.72	334.0	342	211	174	176	233	1	1,538	1,264	64	10	21	35	4	44	4	 	 	39	14	 	356	352	 	 	 	85
2015	12080	127	Central Conn. St.	-	Totals	-	-	-	-	 	 	5.31	303.1	378	217	179	104	216	1	1,417	1,252	80	10	8	20	6	27	10	 	 	22	12	 	348	300	 	 	 	79
2015	12080	127	Central Conn. St.	-	Opponent Totals	-	-	-	-	 	 	3.65	308.1	295	140	125	114	233	4	1,327	1,164	54	5	9	31	3	18	2	 	 	17	14	 	380	262	 	 	 	84
2015	12080	129	Central Mich.	-	Totals	-	-	-	-	 	 	3.39	369.0	350	180	139	135	239	4	1,597	1,362	53	7	13	19	2	43	7	 	 	41	15	 	413	372	 	 	 	59
2015	12080	129	Central Mich.	-	Opponent Totals	-	-	-	-	 	 	4.59	372.2	395	263	190	192	306	 	1,763	1,440	67	15	13	47	8	55	5	 	 	46	29	 	398	365	 	 	 	81
2015	12080	48	Charleston So.	-	Totals	-	-	-	-	 	 	4.85	380.2	397	241	205	161	385	3	1,722	1,451	74	6	23	41	1	50	1	 	 	47	13	 	401	305	 	 	 	116
2015	12080	48	Charleston So.	-	Opponent Totals	-	-	-	-	 	 	3.87	378.2	417	207	163	149	273	3	1,725	1,472	62	3	10	42	5	40	4	 	 	43	21	 	482	326	 	 	 	69
2015	12080	458	Charlotte	-	Totals	-	-	-	-	 	 	5.71	295.0	362	214	187	98	208	4	1,381	1,194	61	6	28	42	6	49	1	 	 	24	14	 	312	313	 	 	 	52
2015	12080	458	Charlotte	-	Opponent Totals	-	-	-	-	 	 	3.55	294.0	284	144	116	109	215	 	1,287	1,129	54	7	10	41	1	18	3	 	 	25	6	 	351	283	 	 	 	73
2015	12080	136	Chicago St.	-	Totals	-	-	-	-	 	 	6.49	356.1	433	296	257	210	234	 	1,702	1,396	81	25	24	35	13	44	2	 	 	27	25	 	371	372	 	 	 	76
2015	12080	136	Chicago St.	-	Opponent Totals	-	-	-	-	 	 	3.92	367.0	368	195	160	135	251	2	1,620	1,402	65	7	20	20	2	35	3	 	 	32	15	 	420	368	 	 	 	84
2015	12080	140	Cincinnati	-	Totals	-	-	-	-	 	 	5.90	379.2	408	294	249	211	226	1	1,775	1,451	87	16	33	46	4	61	4	 	 	30	22	 	437	398	 	 	 	55
2015	12080	140	Cincinnati	-	Opponent Totals	-	-	-	-	 	 	3.54	386.1	314	176	152	179	413	4	1,644	1,387	56	6	27	31	3	41	17	 	 	20	16	 	363	311	 	 	 	100
2015	12080	141	Citadel	-	Totals	-	-	-	-	 	 	4.81	370.2	406	261	198	130	381	1	1,680	1,462	77	14	24	33	3	36	 	 	 	34	18	 	348	327	 	 	 	122
2015	12080	141	Citadel	-	Opponent Totals	-	-	-	-	 	 	4.90	365.1	367	226	199	173	391	3	1,652	1,406	74	5	21	41	2	42	1	 	 	19	12	 	346	304	 	 	 	125
2015	12080	147	Clemson	-	Totals	-	-	-	-	 	 	3.62	400.0	383	202	161	142	356	2	1,754	1,541	72	5	28	31	3	31	2	 	 	25	15	 	403	393	 	 	 	92
2015	12080	147	Clemson	-	Opponent Totals	-	-	-	-	 	 	5.08	395.1	424	266	223	192	304	2	1,792	1,521	80	11	27	43	5	33	9	 	 	22	22	 	396	402	 	 	 	89
2015	12080	149	Coastal Caro.	-	Totals	-	-	-	-	 	 	3.74	392.0	373	210	163	147	357	3	1,705	1,487	67	4	21	22	7	27	3	 	 	29	14	 	410	340	 	 	 	117
2015	12080	149	Coastal Caro.	-	Opponent Totals	-	-	-	-	 	 	5.89	376.0	396	306	246	198	294	1	1,758	1,433	77	3	47	33	4	57	5	 	 	47	23	 	353	412	 	 	 	87
2015	12080	1014	Col. of Charleston	-	Totals	-	-	-	-	 	 	3.49	366.0	359	195	142	106	312	4	1,577	1,412	63	13	19	24	4	35	 	 	 	13	10	 	392	333	 	 	 	86
2015	12080	1014	Col. of Charleston	-	Opponent Totals	-	-	-	-	 	 	6.83	349.0	458	308	265	152	243	1	1,664	1,444	98	11	45	39	4	30	8	 	 	14	24	 	353	399	 	 	 	59
2015	12080	158	Columbia	-	Totals	-	-	-	-	 	 	4.09	332.0	344	192	151	148	262	3	1,522	1,279	69	6	19	26	4	55	2	 	 	23	15	 	346	335	 	 	 	79
2015	12080	158	Columbia	-	Opponent Totals	-	-	-	-	 	 	246.67	335.1	400	262	223	179	280	2	1,598	1,364	83	8	36	38	2	32	7	 	 	13	10	 	341	334	 	 	 	105
2015	12080	165	Coppin St.	-	Totals	-	-	-	-	 	 	8.64	304.1	466	392	292	207	229	 	1,661	1,336	104	17	23	43	12	57	 	 	 	34	27	 	305	323	 	 	 	60
2015	12080	165	Coppin St.	-	Opponent Totals	-	-	-	-	 	 	3.26	320.2	267	151	116	177	336	7	1,439	1,190	35	3	8	38	8	42	3	 	 	15	14	 	324	264	 	 	 	123
2015	12080	167	Cornell	-	Totals	-	-	-	-	 	 	5.59	299.1	362	230	186	104	252	4	1,378	1,212	65	7	17	29	1	33	3	 	 	19	8	 	349	243	 	 	 	99
2015	12080	167	Cornell	-	Opponent Totals	-	-	-	-	 	 	4.06	310.1	297	167	140	129	243	2	1,357	1,186	65	4	6	31	1	24	 	 	 	9	9	 	325	317	 	 	 	86
2015	12080	169	Creighton	-	Totals	-	-	-	-	 	 	3.10	307.2	259	119	106	121	208	2	1,298	1,129	50	6	3	26	6	21	3	 	 	19	8	 	375	294	 	 	 	69
2015	12080	169	Creighton	-	Opponent Totals	-	-	-	-	 	 	3.93	300.0	294	171	131	124	196	1	1,327	1,127	50	18	6	20	2	32	5	 	 	26	18	 	409	239	 	 	 	71
2015	12080	1045	Dallas Baptist	-	Totals	-	-	-	-	 	 	3.35	368.0	341	155	137	150	331	2	1,605	1,369	52	6	14	21	2	46	1	 	 	29	10	 	374	335	 	 	 	93
2015	12080	1045	Dallas Baptist	-	Opponent Totals	-	-	-	-	 	 	6.55	358.2	431	303	261	186	283	 	1,729	1,445	91	14	39	38	3	49	4	 	 	29	19	 	366	371	 	 	 	81
2015	12080	172	Dartmouth	-	Totals	-	-	-	-	 	 	4.34	313.0	361	176	151	93	203	3	1,398	1,236	65	9	15	19	4	31	 	 	 	22	14	 	376	316	 	 	 	58
2015	12080	172	Dartmouth	-	Opponent Totals	-	-	-	-	 	 	3.67	319.0	304	165	130	96	217	3	1,379	1,217	58	12	8	33	1	24	1	 	 	29	12	 	377	316	 	 	 	81
2015	12080	173	Davidson	-	Totals	-	-	-	-	 	 	4.17	328.0	383	224	152	131	231	1	1,521	1,321	71	10	15	33	3	31	9	 	 	25	11	 	380	312	 	 	 	88
2015	12080	173	Davidson	-	Opponent Totals	-	-	-	-	 	 	5.62	325.1	372	231	203	174	274	2	1,543	1,308	71	7	21	50	2	32	6	 	 	15	13	 	317	345	 	 	 	74
2015	12080	175	Dayton	-	Totals	-	-	-	-	 	 	5.14	373.0	421	266	213	192	289	1	1,755	1,463	88	8	25	59	3	49	4	 	 	31	20	 	394	356	 	 	 	87
2015	12080	175	Dayton	-	Opponent Totals	-	-	-	-	 	 	3.89	379.2	332	181	164	141	343	3	1,631	1,397	69	5	19	54	2	54	1	 	 	22	15	 	346	379	 	 	 	111
2015	12080	180	Delaware	-	Totals	-	-	-	-	 	 	5.47	288.0	346	208	175	131	254	2	1,350	1,165	85	14	24	17	6	38	14	 	 	8	8	 	296	259	 	 	 	76
2015	12080	180	Delaware	-	Opponent Totals	-	-	-	-	 	 	5.72	284.2	358	225	181	134	215	 	1,367	1,171	59	15	24	24	4	27	5	 	 	14	20	 	277	321	 	 	 	63
2015	12080	178	Delaware St.	-	Totals	-	-	-	-	 	 	8.45	273.2	395	317	257	179	240	1	1,447	1,187	86	15	22	57	8	38	5	 	 	23	19	 	281	271	 	 	 	77
2015	12080	178	Delaware St.	-	Opponent Totals	-	-	-	-	 	 	4.84	284.2	307	195	153	135	275	2	1,320	1,113	48	13	24	31	2	40	5	 	 	16	16	 	297	233	 	 	 	89
2015	12080	193	Duke	-	Totals	-	-	-	-	 	 	3.44	381.2	358	178	146	157	370	2	1,655	1,432	54	12	13	41	8	26	1	 	 	27	12	 	412	298	 	 	 	104
2015	12080	193	Duke	-	Opponent Totals	-	-	-	-	 	 	3.90	374.0	350	201	162	166	362	3	1,646	1,409	69	9	10	42	5	36	1	 	 	16	19	 	335	374	 	 	 	80
2015	12080	196	East Carolina	-	Totals	-	-	-	-	 	 	2.97	403.0	385	176	133	104	309	4	1,702	1,510	57	7	21	23	4	47	1	 	 	33	8	 	484	330	 	 	 	89
2015	12080	196	East Carolina	-	Opponent Totals	-	-	-	-	 	 	4.50	388.0	440	246	194	154	235	2	1,770	1,510	60	6	23	54	2	47	4	 	 	36	23	 	411	429	 	 	 	73
2015	12080	198	East Tenn. St.	-	Totals	-	-	-	-	 	 	6.56	377.1	491	315	275	150	336	 	1,781	1,558	108	12	62	36	5	27	10	 	 	26	19	 	382	362	 	 	 	91
2015	12080	198	East Tenn. St.	-	Opponent Totals	-	-	-	-	 	 	5.19	378.1	416	258	218	155	251	1	1,709	1,462	82	15	32	35	2	31	3	 	 	33	20	 	454	364	 	 	 	58
2015	12080	201	Eastern Ill.	-	Totals	-	-	-	-	 	 	7.65	316.2	413	315	269	176	230	 	1,549	1,288	92	13	47	29	4	37	13	 	 	23	22	 	303	350	 	 	 	82
2015	12080	201	Eastern Ill.	-	Opponent Totals	-	-	-	-	 	 	4.58	328.0	349	204	167	111	262	2	1,460	1,280	60	5	22	28	3	36	3	 	 	19	14	 	378	294	 	 	 	82
2015	12080	202	Eastern Ky.	-	Totals	-	-	-	-	 	 	7.01	307.0	388	278	239	171	224	 	1,478	1,234	76	9	33	35	5	34	2	 	 	25	13	 	337	290	 	 	 	69
2015	12080	202	Eastern Ky.	-	Opponent Totals	-	-	-	-	 	 	4.84	310.1	313	186	167	143	256	1	1,388	1,184	68	4	38	23	5	34	1	 	 	14	13	 	314	305	 	 	 	83
2015	12080	204	Eastern Mich.	-	Totals	-	-	-	-	 	 	5.07	364.0	431	261	205	184	226	1	1,707	1,435	81	24	25	43	8	43	1	 	 	30	15	 	367	402	 	 	 	75
2015	12080	204	Eastern Mich.	-	Opponent Totals	-	-	-	-	 	 	3.60	377.0	376	178	151	133	284	1	1,626	1,422	59	6	18	26	3	34	5	 	 	29	7	 	412	344	 	 	 	98
2015	12080	1068	Elon	-	Totals	-	-	-	-	 	 	6.16	372.2	452	323	255	211	314	 	1,816	1,521	101	10	42	80	2	46	3	 	 	20	18	 	383	363	 	 	 	92
2015	12080	1068	Elon	-	Opponent Totals	-	-	-	-	 	 	5.92	368.0	415	293	242	190	337	1	1,745	1,469	72	10	34	33	5	43	9	 	 	25	17	 	390	323	 	 	 	114
2015	12080	219	Evansville	-	Totals	-	-	-	-	 	 	4.71	340.0	368	210	178	135	232	2	1,538	1,330	72	6	25	24	4	32	2	 	 	27	14	 	383	350	 	 	 	59
2015	12080	219	Evansville	-	Opponent Totals	-	-	-	-	 	 	4.99	339.0	358	233	188	174	298	3	1,607	1,348	62	10	19	49	2	57	4	 	 	12	16	 	345	332	 	 	 	70
2015	12080	28755	FGCU	-	Totals	-	-	-	-	 	 	3.93	394.0	424	214	172	97	347	3	1,735	1,560	61	14	24	28	3	29	 	 	 	33	16	 	402	391	 	 	 	107
2015	12080	28755	FGCU	-	Opponent Totals	-	-	-	-	 	 	225.34	383.2	443	258	212	179	257	3	1,793	1,497	77	6	16	31	1	41	2	 	 	57	19	 	412	411	 	 	 	76
2015	12080	231	FIU	-	Totals	-	-	-	-	 	 	4.27	384.0	376	238	182	204	324	3	1,760	1,450	76	15	22	43	8	50	10	 	 	37	19	 	462	307	 	 	 	93
2015	12080	231	FIU	-	Opponent Totals	-	-	-	-	 	 	4.81	378.1	412	263	202	184	267	2	1,756	1,496	60	6	29	52	6	28	19	 	 	27	21	 	373	437	 	 	 	78
2015	12080	220	Fairfield	-	Totals	-	-	-	-	 	 	5.06	304.1	328	216	171	125	184	2	1,389	1,180	66	14	25	24	7	50	12	 	 	21	13	 	352	309	 	 	 	54
2015	12080	220	Fairfield	-	Opponent Totals	-	-	-	-	 	 	3.62	321.0	298	162	129	120	298	4	1,388	1,222	51	3	18	35	3	29	1	 	 	10	7	 	332	276	 	 	 	99
2015	12080	222	Fairleigh Dickinson	-	Totals	-	-	-	-	 	 	6.13	248.0	278	197	169	163	149	 	1,191	960	51	6	13	26	5	29	2	 	 	18	19	 	304	232	 	 	 	47
2015	12080	222	Fairleigh Dickinson	-	Opponent Totals	-	-	-	-	 	 	3.74	253.0	238	131	105	88	170	4	1,096	943	54	2	11	18	2	29	2	 	 	30	6	 	306	243	 	 	 	44
2015	12080	229	Fla. Atlantic	-	Totals	-	-	-	-	 	 	3.35	397.1	383	188	148	120	318	4	1,733	1,539	74	2	23	27	1	41	1	 	 	21	12	 	395	435	 	 	 	100
2015	12080	229	Fla. Atlantic	-	Opponent Totals	-	-	-	-	 	 	6.60	377.2	472	324	277	231	241	 	1,846	1,515	89	14	31	43	12	36	12	 	 	33	29	 	423	401	 	 	 	65
2015	12080	235	Florida	-	Totals	-	-	-	-	 	 	3.29	402.0	346	168	147	112	347	2	1,660	1,488	55	7	34	40	2	37	6	 	 	16	7	 	446	350	 	 	 	95
2015	12080	235	Florida	-	Opponent Totals	-	-	-	-	 	 	6.29	384.2	476	321	269	168	256	1	1,814	1,565	89	18	44	33	7	46	5	 	 	14	21	 	393	434	 	 	 	66
2015	12080	228	Florida A&M	-	Totals	-	-	-	-	 	 	4.79	332.1	368	223	177	136	227	1	1,526	1,291	57	6	23	37	4	49	6	 	 	34	16	 	425	279	 	 	 	70
2015	12080	228	Florida A&M	-	Opponent Totals	-	-	-	-	 	 	3.50	334.1	314	162	130	175	274	2	1,520	1,269	39	3	18	31	13	28	2	 	 	30	13	 	346	341	 	 	 	85
2015	12080	234	Florida St.	-	Totals	-	-	-	-	 	 	4.06	415.0	420	227	187	157	401	3	1,843	1,606	87	5	36	29	2	36	6	 	 	28	15	 	430	351	 	 	 	134
2015	12080	234	Florida St.	-	Opponent Totals	-	-	-	-	 	 	6.35	399.2	413	333	282	278	405	2	1,932	1,546	86	5	46	46	7	74	11	 	 	17	17	 	345	386	 	 	 	104
2015	12080	236	Fordham	-	Totals	-	-	-	-	 	 	5.19	361.0	407	243	208	167	309	1	1,649	1,396	53	8	23	42	5	39	1	 	 	27	20	 	406	305	 	 	 	113
2015	12080	236	Fordham	-	Opponent Totals	-	-	-	-	 	 	4.30	362.0	376	205	173	146	297	1	1,615	1,387	69	11	14	36	10	41	5	 	 	35	6	 	433	287	 	 	 	99
2015	12080	96	Fresno St.	-	Totals	-	-	-	-	 	 	4.67	385.1	384	224	200	178	292	2	1,742	1,472	84	14	30	37	1	49	12	 	 	31	12	 	398	408	 	 	 	73
2015	12080	96	Fresno St.	-	Opponent Totals	-	-	-	-	 	 	4.23	384.2	398	220	181	142	327	1	1,693	1,456	60	13	28	35	3	41	9	 	 	41	12	 	405	348	 	 	 	80
2015	12080	244	Furman	-	Totals	-	-	-	-	 	 	6.07	382.2	442	306	258	202	311	3	1,816	1,520	74	12	41	61	4	41	14	 	 	28	25	 	426	359	 	 	 	105
2015	12080	244	Furman	-	Opponent Totals	-	-	-	-	 	 	5.68	385.0	457	281	243	132	268	 	1,754	1,554	85	7	44	51	4	30	5	 	 	14	23	 	433	398	 	 	 	71
2015	12080	253	Ga. Southern	-	Totals	-	-	-	-	 	 	3.88	394.0	368	222	170	176	304	2	1,755	1,492	82	5	22	36	3	35	7	 	 	38	14	 	418	395	 	 	 	70
2015	12080	253	Ga. Southern	-	Opponent Totals	-	-	-	-	 	 	4.69	386.0	399	228	201	161	400	1	1,722	1,485	70	7	40	29	3	38	10	 	 	23	15	 	362	335	 	 	 	100
2015	12080	1092	Gardner-Webb	-	Totals	-	-	-	-	 	 	3.98	391.1	415	206	173	114	352	2	1,690	1,501	73	7	19	24	1	23	4	 	 	39	13	 	428	330	 	 	 	92
2015	12080	1092	Gardner-Webb	-	Opponent Totals	-	-	-	-	 	 	3.52	391.1	349	182	153	116	348	3	1,647	1,467	65	5	21	31	2	38	5	 	 	16	10	 	434	329	 	 	 	109
2015	12080	248	George Mason	-	Totals	-	-	-	-	 	 	5.09	366.1	398	253	207	142	280	3	1,681	1,444	86	13	22	42	3	49	5	 	 	33	13	 	413	355	 	 	 	89
2015	12080	248	George Mason	-	Opponent Totals	-	-	-	-	 	 	4.76	362.2	418	234	192	150	293	1	1,685	1,446	73	13	19	48	2	47	5	 	 	31	11	 	374	373	 	 	 	103
2015	12080	249	George Washington	-	Totals	-	-	-	-	 	 	3.30	335.0	315	143	123	117	227	2	1,436	1,240	58	6	16	30	6	39	8	 	 	25	13	 	357	358	 	 	 	67
2015	12080	249	George Washington	-	Opponent Totals	-	-	-	-	 	 	3.81	326.0	332	178	138	96	192	4	1,407	1,245	56	9	10	24	5	23	3	 	 	28	15	 	419	300	 	 	 	51
2015	12080	251	Georgetown	-	Totals	-	-	-	-	 	 	3.81	340.0	337	176	144	154	258	3	1,527	1,325	58	8	18	39	2	23	6	 	 	18	6	 	390	315	 	 	 	76
2015	12080	251	Georgetown	-	Opponent Totals	-	-	-	-	 	 	4.71	342.0	377	219	179	150	227	2	1,581	1,348	72	4	17	30	3	50	6	 	 	21	10	 	381	357	 	 	 	74
2015	12080	257	Georgia	-	Totals	-	-	-	-	 	 	4.22	382.0	357	210	179	193	355	3	1,703	1,437	58	9	25	31	8	33	4	 	 	18	22	 	337	398	 	 	 	115
2015	12080	257	Georgia	-	Opponent Totals	-	-	-	-	 	 	4.50	378.0	390	231	189	173	317	2	1,725	1,463	67	10	31	35	8	41	2	 	 	34	14	 	411	349	 	 	 	86
2015	12080	254	Georgia St.	-	Totals	-	-	-	-	 	 	3.99	403.2	418	227	179	180	294	1	1,821	1,533	84	5	15	32	7	47	7	 	 	36	21	 	444	392	 	 	 	95
2015	12080	254	Georgia St.	-	Opponent Totals	-	-	-	-	 	 	5.03	393.1	421	259	220	167	272	1	1,790	1,527	73	14	37	35	10	49	12	 	 	28	19	 	399	452	 	 	 	79
2015	12080	255	Georgia Tech	-	Totals	-	-	-	-	 	 	4.30	374.2	375	212	179	192	286	2	1,672	1,405	62	9	15	40	 	30	6	 	 	28	16	 	397	357	 	 	 	79
2015	12080	255	Georgia Tech	-	Opponent Totals	-	-	-	-	 	 	5.20	368.2	399	255	213	172	310	2	1,684	1,447	80	5	28	30	9	25	4	 	 	25	15	 	392	349	 	 	 	90
2015	12080	260	Gonzaga	-	Totals	-	-	-	-	 	 	3.38	356.1	351	172	134	124	283	4	1,535	1,346	65	8	15	26	7	23	10	 	 	30	11	 	399	317	 	 	 	79
2015	12080	260	Gonzaga	-	Opponent Totals	-	-	-	-	 	 	4.11	361.0	388	207	165	144	256	2	1,621	1,405	65	11	15	34	5	34	2	 	 	26	12	 	405	356	 	 	 	50
2015	12080	261	Grambling	-	Totals	-	-	-	-	 	 	7.68	291.2	386	285	249	150	153	1	1,429	1,183	55	18	32	23	5	60	1	 	 	18	17	 	316	319	 	 	 	44
2015	12080	261	Grambling	-	Opponent Totals	-	-	-	-	 	 	4.47	304.1	304	183	151	128	253	1	1,370	1,181	53	9	17	14	3	35	 	 	 	23	3	 	365	237	 	 	 	69
2015	12080	1104	Grand Canyon	-	Totals	-	-	-	-	 	 	4.83	363.2	397	233	195	132	288	3	1,626	1,418	62	19	25	26	5	40	4	 	 	25	10	 	405	336	 	 	 	73
2015	12080	1104	Grand Canyon	-	Opponent Totals	-	-	-	-	 	 	5.65	361.2	458	280	227	147	242	3	1,694	1,474	72	8	19	32	6	25	3	 	 	27	21	 	411	360	 	 	 	74
2015	12080	272	Hartford	-	Totals	-	-	-	-	 	 	4.64	337.2	323	204	174	130	218	2	1,486	1,273	69	7	16	31	5	42	 	 	 	27	14	 	402	329	 	 	 	73
2015	12080	272	Hartford	-	Opponent Totals	-	-	-	-	 	 	3.42	341.2	320	156	130	117	230	4	1,457	1,273	66	9	10	29	1	36	1	 	 	16	14	 	401	318	 	 	 	77
2015	12080	275	Harvard	-	Totals	-	-	-	-	 	 	4.97	324.0	360	229	179	117	251	1	1,482	1,297	63	11	20	37	1	39	 	 	 	19	10	 	380	293	 	 	 	94
2015	12080	275	Harvard	-	Opponent Totals	-	-	-	-	 	 	4.89	331.0	399	229	180	128	211	1	1,541	1,326	75	5	15	39	2	50	1	 	 	14	21	 	361	348	 	 	 	61
2015	12080	277	Hawaii	-	Totals	-	-	-	-	 	 	4.07	358.0	372	196	162	141	276	2	1,593	1,368	67	11	10	30	12	36	1	 	 	37	10	 	429	305	 	 	 	86
2015	12080	277	Hawaii	-	Opponent Totals	-	-	-	-	 	 	3.59	356.0	322	171	142	140	251	6	1,552	1,309	45	7	8	34	2	42	1	 	 	41	19	 	414	355	 	 	 	66
2015	12080	19651	High Point	-	Totals	-	-	-	-	 	 	3.37	363.1	350	181	136	141	309	2	1,597	1,383	55	10	24	41	1	38	 	 	 	19	16	 	346	369	 	 	 	98
2015	12080	19651	High Point	-	Opponent Totals	-	-	-	-	 	 	4.83	365.1	403	261	196	142	268	3	1,678	1,448	68	10	20	58	7	44	3	 	 	20	24	 	419	346	 	 	 	83
2015	12080	283	Hofstra	-	Totals	-	-	-	-	 	 	6.83	345.0	420	292	262	181	221	2	1,649	1,371	89	17	29	50	2	57	9	 	 	24	16	 	406	339	 	 	 	72
2015	12080	283	Hofstra	-	Opponent Totals	-	-	-	-	 	 	4.60	356.0	360	202	182	131	285	2	1,548	1,342	67	8	19	37	4	41	2	 	 	18	15	 	384	327	 	 	 	81
2015	12080	285	Holy Cross	-	Totals	-	-	-	-	 	 	4.19	377.2	372	220	176	129	277	7	1,654	1,441	63	8	14	49	5	43	4	 	 	24	17	 	427	376	 	 	 	91
2015	12080	285	Holy Cross	-	Opponent Totals	-	-	-	-	 	 	4.05	384.1	383	218	173	156	310	2	1,697	1,438	76	3	14	43	1	43	2	 	 	34	25	 	408	356	 	 	 	92
2015	12080	288	Houston	-	Totals	-	-	-	-	 	 	3.42	394.2	395	196	150	104	323	5	1,692	1,506	72	4	24	20	1	36	2	 	 	30	15	 	417	371	 	 	 	87
2015	12080	288	Houston	-	Opponent Totals	-	-	-	-	 	 	5.43	386.0	386	260	233	207	280	2	1,766	1,448	57	17	33	35	15	47	8	 	 	37	25	 	407	411	 	 	 	93
2015	12080	287	Houston Baptist	-	Totals	-	-	-	-	 	 	3.31	356.2	351	155	131	85	226	1	1,518	1,334	54	5	17	21	3	43	1	 	 	36	20	 	377	402	 	 	 	51
2015	12080	287	Houston Baptist	-	Opponent Totals	-	-	-	-	 	 	3.73	352.2	393	183	146	125	201	2	1,575	1,368	61	10	15	27	5	33	2	 	 	33	15	 	391	401	 	 	 	70
2015	12080	308	IPFW	-	Totals	-	-	-	-	 	 	5.29	335.0	366	250	197	189	300	3	1,600	1,320	71	4	16	50	7	45	1	 	 	28	18	 	355	296	 	 	 	104
2015	12080	308	IPFW	-	Opponent Totals	-	-	-	-	 	 	6.55	334.0	388	278	243	174	338	1	1,589	1,338	67	11	29	30	3	46	 	 	 	11	20	 	305	307	 	 	 	93
2015	12080	302	Ill.-Chicago	-	Totals	-	-	-	-	 	 	4.15	334.0	354	179	154	152	211	3	1,491	1,269	58	9	9	39	3	31	2	 	 	25	14	 	388	332	 	 	 	63
2015	12080	302	Ill.-Chicago	-	Opponent Totals	-	-	-	-	 	 	5.06	332.2	383	229	187	170	226	 	1,568	1,304	59	6	12	22	4	48	6	 	 	32	13	 	376	332	 	 	 	88
2015	12080	301	Illinois	-	Totals	-	-	-	-	 	 	2.29	397.0	350	124	101	83	338	1	1,613	1,470	64	1	11	13	 	24	1	 	 	26	9	 	439	346	 	 	 	94
2015	12080	301	Illinois	-	Opponent Totals	-	-	-	-	 	 	5.52	383.1	438	275	235	177	228	1	1,758	1,515	74	10	37	33	4	32	8	 	 	19	15	 	420	426	 	 	 	83
2015	12080	299	Illinois St.	-	Totals	-	-	-	-	 	 	5.48	358.1	396	255	218	178	293	1	1,687	1,421	79	9	26	28	5	49	11	 	 	27	12	 	390	347	 	 	 	98
2015	12080	299	Illinois St.	-	Opponent Totals	-	-	-	-	 	 	5.88	360.0	411	276	235	223	323	1	1,729	1,439	70	7	39	35	6	39	6	 	 	14	14	 	362	330	 	 	 	117
2015	12080	2743	Incarnate Word	-	Totals	-	-	-	-	 	 	5.59	352.2	434	251	219	152	234	3	1,652	1,416	72	18	23	29	5	41	1	 	 	27	16	 	350	400	 	 	 	85
2015	12080	2743	Incarnate Word	-	Opponent Totals	-	-	-	-	 	 	3.01	365.0	334	158	122	127	310	4	1,575	1,377	60	10	12	33	3	38	1	 	 	21	12	 	379	359	 	 	 	79
2015	12080	306	Indiana	-	Totals	-	-	-	-	 	 	3.33	362.2	346	165	134	91	333	4	1,563	1,386	63	11	20	17	5	48	5	 	 	31	7	 	391	309	 	 	 	100
2015	12080	306	Indiana	-	Opponent Totals	-	-	-	-	 	 	4.01	358.2	374	200	160	115	267	2	1,565	1,383	64	13	22	27	8	31	3	 	 	23	11	 	410	325	 	 	 	77
2015	12080	305	Indiana St.	-	Totals	-	-	-	-	 	 	4.70	323.1	316	192	169	168	277	2	1,452	1,206	57	6	21	38	8	28	2	 	 	35	15	 	316	322	 	 	 	82
2015	12080	305	Indiana St.	-	Opponent Totals	-	-	-	-	 	 	5.03	327.2	342	203	183	144	275	2	1,470	1,252	55	15	19	37	3	39	 	 	 	20	14	 	349	299	 	 	 	96
2015	12080	310	Iona	-	Totals	-	-	-	-	 	 	5.56	330.0	372	248	204	149	291	2	1,544	1,288	78	22	9	46	2	48	2	 	 	33	25	 	344	300	 	 	 	86
2015	12080	310	Iona	-	Opponent Totals	-	-	-	-	 	 	3.10	345.1	276	143	119	118	313	8	1,444	1,260	51	12	4	23	1	40	1	 	 	20	6	 	389	276	 	 	 	114
2015	12080	312	Iowa	-	Totals	-	-	-	-	 	 	2.75	369.1	296	134	113	155	268	2	1,577	1,334	61	4	15	36	3	46	17	 	 	26	15	 	405	384	 	 	 	75
2015	12080	312	Iowa	-	Opponent Totals	-	-	-	-	 	 	4.35	362.0	384	203	175	152	234	 	1,630	1,382	65	13	11	23	3	50	3	 	 	28	18	 	414	355	 	 	 	80
2015	12080	314	Jackson St.	-	Totals	-	-	-	-	 	 	6.25	381.2	467	320	265	201	308	3	1,853	1,526	76	9	32	35	15	74	 	 	 	27	22	 	420	316	 	 	 	98
2015	12080	314	Jackson St.	-	Opponent Totals	-	-	-	-	 	 	7.19	375.1	483	375	300	221	289	2	1,888	1,548	101	16	30	51	16	64	2	 	 	33	22	 	414	366	 	 	 	74
2015	12080	316	Jacksonville	-	Totals	-	-	-	-	 	 	4.97	363.2	410	251	201	164	280	3	1,701	1,451	68	3	30	22	11	42	9	 	 	24	19	 	382	379	 	 	 	74
2015	12080	316	Jacksonville	-	Opponent Totals	-	-	-	-	 	 	5.24	361.0	423	269	210	178	257	1	1,698	1,425	78	8	18	31	9	32	5	 	 	36	27	 	467	299	 	 	 	90
2015	12080	315	Jacksonville St.	-	Totals	-	-	-	-	 	 	4.69	380.0	396	243	198	143	318	2	1,704	1,475	82	8	30	50	6	40	8	 	 	25	20	 	371	385	 	 	 	111
2015	12080	315	Jacksonville St.	-	Opponent Totals	-	-	-	-	 	 	5.86	373.1	430	294	243	235	328	 	1,800	1,492	86	9	30	50	5	36	7	 	 	15	22	 	392	331	 	 	 	96
2015	12080	317	James Madison	-	Totals	-	-	-	-	 	 	6.39	345.1	422	302	245	190	275	 	1,715	1,419	75	4	27	40	13	63	5	 	 	25	18	 	370	343	 	 	 	92
2015	12080	317	James Madison	-	Opponent Totals	-	-	-	-	 	 	5.30	346.2	356	238	204	157	285	4	1,570	1,351	62	23	27	37	5	34	1	 	 	21	7	 	395	301	 	 	 	87
2015	12080	328	Kansas	-	Totals	-	-	-	-	 	 	5.76	390.1	464	273	250	176	268	 	1,813	1,524	84	6	34	45	6	49	2	 	 	44	20	 	421	407	 	 	 	63
2015	12080	328	Kansas	-	Opponent Totals	-	-	-	-	 	 	4.34	391.2	423	235	189	189	271	2	1,795	1,510	80	10	26	31	9	47	4	 	 	28	19	 	447	384	 	 	 	80
2015	12080	327	Kansas St.	-	Totals	-	-	-	-	 	 	4.22	343.2	359	186	161	126	210	2	1,511	1,316	64	13	17	37	7	26	14	 	 	32	11	 	431	331	 	 	 	60
2015	12080	327	Kansas St.	-	Opponent Totals	-	-	-	-	 	 	4.29	342.0	323	194	163	144	231	2	1,500	1,264	47	15	5	29	5	42	6	 	 	36	14	 	431	293	 	 	 	64
2015	12080	1157	Kennesaw St.	-	Totals	-	-	-	-	 	 	4.28	391.0	394	232	186	189	376	3	1,781	1,499	68	2	32	31	2	55	3	 	 	21	16	 	412	309	 	 	 	118
2015	12080	1157	Kennesaw St.	-	Opponent Totals	-	-	-	-	 	 	4.98	388.1	421	258	215	204	305	2	1,791	1,505	77	4	36	32	3	27	9	 	 	36	19	 	396	400	 	 	 	103
2015	12080	331	Kent St.	-	Totals	-	-	-	-	 	 	3.27	357.1	316	176	130	138	357	4	1,561	1,350	60	5	15	29	6	40	1	 	 	17	16	 	336	332	 	 	 	116
2015	12080	331	Kent St.	-	Opponent Totals	-	-	-	-	 	 	4.47	358.0	385	214	178	151	278	2	1,612	1,389	79	11	25	32	3	42	6	 	 	13	15	 	368	358	 	 	 	109
2015	12080	334	Kentucky	-	Totals	-	-	-	-	 	 	4.29	375.2	378	220	179	130	298	3	1,640	1,439	59	11	37	33	9	30	6	 	 	24	16	 	406	361	 	 	 	94
2015	12080	334	Kentucky	-	Opponent Totals	-	-	-	-	 	 	4.96	370.1	437	239	204	146	276	1	1,717	1,467	74	9	21	49	4	70	5	 	 	16	18	 	367	393	 	 	 	78
2015	12080	361	LIU Brooklyn	-	Totals	-	-	-	-	 	 	6.12	305.2	354	238	208	190	205	 	1,497	1,214	75	12	20	48	2	54	17	 	 	21	17	 	319	338	 	 	 	71
2015	12080	361	LIU Brooklyn	-	Opponent Totals	-	-	-	-	 	 	3.31	318.1	301	143	117	105	254	1	1,345	1,186	44	8	11	22	1	31	4	 	 	16	7	 	360	275	 	 	 	77
2015	12080	365	LSU	-	Totals	-	-	-	-	 	 	2.87	417.0	365	157	133	152	370	3	1,773	1,554	52	12	18	23	4	39	6	 	 	19	8	 	433	383	 	 	 	127
2015	12080	365	LSU	-	Opponent Totals	-	-	-	-	 	 	6.05	391.1	520	311	263	154	220	 	1,849	1,623	98	20	38	51	6	28	9	 	 	22	22	 	410	466	 	 	 	51
2015	12080	340	La Salle	-	Totals	-	-	-	-	 	 	5.22	358.1	377	256	208	165	280	2	1,650	1,414	77	12	37	51	6	40	2	 	 	17	14	 	331	416	 	 	 	89
2015	12080	340	La Salle	-	Opponent Totals	-	-	-	-	 	 	5.91	361.0	451	298	237	153	360	2	1,730	1,500	102	12	35	30	2	48	5	 	 	16	13	 	348	323	 	 	 	120
2015	12080	671	La.-Lafayette	-	Totals	-	-	-	-	 	 	3.43	390.2	349	174	149	118	319	2	1,645	1,450	58	11	30	26	2	37	5	 	 	27	12	 	417	365	 	 	 	94
2015	12080	671	La.-Lafayette	-	Opponent Totals	-	-	-	-	 	 	5.40	383.1	415	265	230	171	271	 	1,749	1,470	80	10	36	28	6	47	16	 	 	45	16	 	390	417	 	 	 	70
2015	12080	498	La.-Monroe	-	Totals	-	-	-	-	 	 	3.75	383.2	350	205	160	154	261	4	1,673	1,425	49	7	23	47	7	46	2	 	 	36	12	 	420	401	 	 	 	75
2015	12080	498	La.-Monroe	-	Opponent Totals	-	-	-	-	 	 	4.01	379.2	396	219	169	141	296	3	1,700	1,469	91	13	24	30	5	30	5	 	 	34	23	 	387	402	 	 	 	83
2015	12080	342	Lafayette	-	Totals	-	-	-	-	 	 	4.58	282.2	307	176	144	89	227	1	1,256	1,105	65	12	18	25	7	31	1	 	 	20	11	 	291	286	 	 	 	71
2015	12080	342	Lafayette	-	Opponent Totals	-	-	-	-	 	 	3.26	287.0	273	131	104	85	239	4	1,230	1,075	55	7	16	31	4	25	1	 	 	37	8	 	357	228	 	 	 	53
2015	12080	346	Lamar	-	Totals	-	-	-	-	 	 	4.08	372.2	388	193	169	145	281	4	1,640	1,417	61	12	12	38	7	39	6	 	 	30	9	 	502	271	 	 	 	88
2015	12080	346	Lamar	-	Opponent Totals	-	-	-	-	 	 	4.35	370.1	434	220	179	119	267	4	1,656	1,471	73	11	17	32	2	21	1	 	 	32	13	 	438	332	 	 	 	73
2015	12080	352	Lehigh	-	Totals	-	-	-	-	 	 	4.73	365.1	353	250	192	171	276	1	1,669	1,379	68	17	9	39	11	66	3	 	 	32	21	 	408	340	 	 	 	79
2015	12080	352	Lehigh	-	Opponent Totals	-	-	-	-	 	 	4.10	368.1	349	211	168	131	331	3	1,625	1,394	70	10	25	26	6	55	6	 	 	29	11	 	380	333	 	 	 	115
2015	12080	355	Liberty	-	Totals	-	-	-	-	 	 	3.46	392.2	339	172	151	160	318	5	1,677	1,431	53	9	18	32	1	33	8	 	 	32	19	 	414	374	 	 	 	100
2015	12080	355	Liberty	-	Opponent Totals	-	-	-	-	 	 	4.56	384.2	400	235	195	166	366	1	1,750	1,506	70	17	28	42	6	47	2	 	 	23	8	 	357	368	 	 	 	76
2015	12080	28600	Lipscomb	-	Totals	-	-	-	-	 	 	4.14	365.0	355	199	168	131	282	2	1,578	1,354	57	10	24	26	6	39	2	 	 	34	19	 	416	332	 	 	 	82
2015	12080	28600	Lipscomb	-	Opponent Totals	-	-	-	-	 	 	4.97	355.0	377	240	196	162	257	4	1,597	1,343	75	13	25	29	1	38	2	 	 	36	18	 	349	376	 	 	 	67
2015	12080	99	Long Beach St.	-	Totals	-	-	-	-	 	 	2.85	353.1	276	140	112	111	345	6	1,470	1,287	55	10	9	31	3	45	7	 	 	18	7	 	383	277	 	 	 	108
2015	12080	99	Long Beach St.	-	Opponent Totals	-	-	-	-	 	 	3.15	348.2	315	156	122	121	294	2	1,486	1,288	57	11	7	46	4	23	5	 	 	42	12	 	377	327	 	 	 	77
2015	12080	363	Longwood	-	Totals	-	-	-	-	 	 	5.63	364.1	397	269	228	171	349	2	1,706	1,429	46	5	25	62	10	56	 	 	 	29	20	 	338	350	 	 	 	98
2015	12080	363	Longwood	-	Opponent Totals	-	-	-	-	 	 	4.34	367.0	398	228	177	139	342	1	1,659	1,445	56	10	19	51	4	31	5	 	 	31	12	 	388	306	 	 	 	108
2015	12080	366	Louisiana Tech	-	Totals	-	-	-	-	 	 	4.42	362.1	388	219	178	148	271	1	1,624	1,412	66	6	24	28	3	24	17	 	 	24	12	 	425	316	 	 	 	78
2015	12080	366	Louisiana Tech	-	Opponent Totals	-	-	-	-	 	 	4.55	362.1	346	232	183	158	232	1	1,624	1,333	46	5	20	45	6	74	2	 	 	39	18	 	437	331	 	 	 	79
2015	12080	367	Louisville	-	Totals	-	-	-	-	 	 	2.34	384.0	280	136	100	146	405	6	1,593	1,388	46	4	8	40	2	26	 	 	 	26	5	 	382	317	 	 	 	127
2015	12080	367	Louisville	-	Opponent Totals	-	-	-	-	 	 	219.69	369.0	403	241	207	185	263	2	1,703	1,434	77	11	19	40	11	40	8	 	 	28	15	 	356	409	 	 	 	76
2015	12080	370	Loyola Marymount	-	Totals	-	-	-	-	 	 	3.55	395.0	367	178	156	158	340	4	1,700	1,465	70	6	15	29	4	29	10	 	 	33	15	 	453	347	 	 	 	93
2015	12080	370	Loyola Marymount	-	Opponent Totals	-	-	-	-	 	 	4.03	386.0	391	217	173	150	299	 	1,731	1,447	82	5	25	34	4	72	10	 	 	47	13	 	389	400	 	 	 	96
2015	12080	380	Maine	-	Totals	-	-	-	-	 	 	4.89	323.2	386	213	176	125	246	1	1,487	1,297	84	17	6	24	4	20	8	 	 	25	18	 	330	341	 	 	 	80
2015	12080	380	Maine	-	Opponent Totals	-	-	-	-	 	 	3.47	329.2	346	179	127	144	216	2	1,482	1,271	63	3	8	40	3	21	1	 	 	19	27	 	342	371	 	 	 	89
2015	12080	381	Manhattan	-	Totals	-	-	-	-	 	 	5.39	327.0	402	247	196	144	205	3	1,542	1,321	72	16	8	56	2	34	2	 	 	29	14	 	406	311	 	 	 	48
2015	12080	381	Manhattan	-	Opponent Totals	-	-	-	-	 	 	3.16	341.2	280	148	120	104	279	5	1,430	1,241	61	10	9	20	2	44	2	 	 	29	12	 	381	318	 	 	 	84
2015	12080	386	Marist	-	Totals	-	-	-	-	 	 	5.17	292.2	323	191	168	115	200	2	1,334	1,132	65	12	6	33	5	41	4	 	 	32	14	 	339	286	 	 	 	77
2015	12080	386	Marist	-	Opponent Totals	-	-	-	-	 	 	3.90	300.0	305	165	130	128	228	1	1,343	1,130	62	14	9	40	 	41	3	 	 	35	8	 	370	238	 	 	 	83
2015	12080	388	Marshall	-	Totals	-	-	-	-	 	 	4.76	363.0	364	227	192	182	285	1	1,677	1,395	74	4	20	42	2	51	10	 	 	28	19	 	367	389	 	 	 	95
2015	12080	388	Marshall	-	Opponent Totals	-	-	-	-	 	 	3.58	374.2	383	192	149	121	294	2	1,639	1,443	69	6	19	35	4	33	9	 	 	27	14	 	413	350	 	 	 	82
2015	12080	392	Maryland	-	Totals	-	-	-	-	 	 	3.25	382.1	327	177	138	138	370	4	1,633	1,435	70	3	21	23	3	28	11	 	 	20	12	 	409	330	 	 	 	129
2015	12080	392	Maryland	-	Opponent Totals	-	-	-	-	 	 	5.83	370.2	389	282	240	190	289	1	1,733	1,443	82	11	36	39	4	62	3	 	 	24	14	 	405	357	 	 	 	107
2015	12080	400	Massachusetts	-	Totals	-	-	-	-	 	 	6.22	262.0	320	205	181	129	187	2	1,247	1,040	64	5	23	40	4	37	4	 	 	23	16	 	296	251	 	 	 	71
2015	12080	400	Massachusetts	-	Opponent Totals	-	-	-	-	 	 	3.02	271.0	242	117	91	82	252	4	1,158	1,008	38	3	5	31	 	30	2	 	 	31	7	 	298	225	 	 	 	87
2015	12080	402	McNeese St.	-	Totals	-	-	-	-	 	 	3.64	405.1	380	196	164	141	363	2	1,734	1,503	59	12	18	37	3	32	7	 	 	39	18	 	425	356	 	 	 	103
2015	12080	402	McNeese St.	-	Opponent Totals	-	-	-	-	 	 	3.80	398.0	419	191	168	113	276	6	1,726	1,514	69	4	26	31	6	42	5	 	 	40	15	 	430	410	 	 	 	81
2015	12080	404	Memphis	-	Totals	-	-	-	-	 	 	3.18	379.1	337	154	134	106	261	1	1,575	1,400	67	7	22	22	2	32	1	 	 	23	14	 	434	373	 	 	 	67
2015	12080	404	Memphis	-	Opponent Totals	-	-	-	-	 	 	4.61	369.0	404	241	189	106	234	 	1,632	1,446	62	10	30	34	4	33	3	 	 	36	11	 	436	370	 	 	 	57
2015	12080	406	Mercer	-	Totals	-	-	-	-	 	 	4.37	387.0	422	231	188	122	311	2	1,706	1,523	55	5	37	35	7	22	7	 	 	26	13	 	425	366	 	 	 	93
2015	12080	406	Mercer	-	Opponent Totals	-	-	-	-	 	 	5.70	378.2	399	285	240	187	332	2	1,776	1,465	91	7	49	50	7	57	5	 	 	56	11	 	360	395	 	 	 	86
2015	12080	415	Miami (FL)	-	Totals	-	-	-	-	 	 	3.31	400.0	371	184	147	146	327	4	1,724	1,499	63	7	17	28	4	36	7	 	 	30	13	 	431	370	 	 	 	95
2015	12080	415	Miami (FL)	-	Opponent Totals	-	-	-	-	 	 	5.71	386.0	462	313	245	224	315	 	1,875	1,538	76	16	34	55	2	54	4	 	 	41	15	 	359	417	 	 	 	101
2015	12080	414	Miami (OH)	-	Totals	-	-	-	-	 	 	5.77	348.0	382	274	223	159	266	2	1,639	1,357	76	13	29	27	3	59	4	 	 	39	24	 	325	400	 	 	 	89
2015	12080	414	Miami (OH)	-	Opponent Totals	-	-	-	-	 	 	3.76	364.0	340	175	152	131	332	6	1,565	1,355	66	15	20	30	2	33	1	 	 	29	17	 	388	313	 	 	 	79
2015	12080	418	Michigan	-	Totals	-	-	-	-	 	 	3.48	378.0	332	181	146	181	350	3	1,655	1,394	67	9	17	33	4	42	2	 	 	27	11	 	354	364	 	 	 	111
2015	12080	418	Michigan	-	Opponent Totals	-	-	-	-	 	 	5.52	375.0	454	265	230	169	247	1	1,765	1,507	94	14	19	34	6	47	7	 	 	25	15	 	432	388	 	 	 	69
2015	12080	416	Michigan St.	-	Totals	-	-	-	-	 	 	3.87	367.1	341	184	158	147	303	2	1,583	1,361	61	5	13	26	4	26	5	 	 	30	19	 	366	378	 	 	 	84
2015	12080	416	Michigan St.	-	Opponent Totals	-	-	-	-	 	 	4.71	364.2	404	228	191	140	212	2	1,641	1,414	72	9	29	32	3	45	6	 	 	20	22	 	380	426	 	 	 	66
2015	12080	419	Middle Tenn.	-	Totals	-	-	-	-	 	 	4.71	376.2	391	229	197	195	285	2	1,726	1,431	64	5	18	51	6	57	3	 	 	33	10	 	435	324	 	 	 	92
2015	12080	419	Middle Tenn.	-	Opponent Totals	-	-	-	-	 	 	4.16	376.1	388	218	174	139	337	5	1,677	1,458	68	10	28	36	5	35	8	 	 	26	18	 	371	357	 	 	 	90
2015	12080	797	Milwaukee	-	Totals	-	-	-	-	 	 	3.85	346.0	350	186	148	164	290	2	1,563	1,332	47	4	19	38	5	30	6	 	 	25	12	 	326	356	 	 	 	99
2015	12080	797	Milwaukee	-	Opponent Totals	-	-	-	-	 	 	5.57	346.0	390	253	214	148	236	2	1,605	1,367	87	19	20	33	10	53	8	 	 	21	16	 	370	375	 	 	 	83
2015	12080	428	Minnesota	-	Totals	-	-	-	-	 	 	5.64	341.2	369	249	214	159	242	3	1,587	1,344	78	15	35	38	2	47	1	 	 	27	10	 	368	368	 	 	 	82
2015	12080	428	Minnesota	-	Opponent Totals	-	-	-	-	 	 	4.44	348.1	352	201	172	122	284	4	1,523	1,343	64	10	23	24	2	32	2	 	 	12	14	 	340	373	 	 	 	87
2015	12080	430	Mississippi St.	-	Totals	-	-	-	-	 	 	4.14	365.1	356	187	168	133	306	 	1,587	1,375	48	7	29	36	1	46	1	 	 	20	12	 	482	235	 	 	 	96
2015	12080	430	Mississippi St.	-	Opponent Totals	-	-	-	-	 	 	4.58	353.2	363	230	180	204	228	3	1,633	1,330	65	6	18	43	3	45	5	 	 	37	15	 	411	350	 	 	 	90
2015	12080	432	Mississippi Val.	-	Totals	-	-	-	-	 	 	8.94	313.0	478	368	311	196	217	 	1,638	1,364	95	15	38	41	4	52	1	 	 	15	11	 	308	335	 	 	 	66
2015	12080	432	Mississippi Val.	-	Opponent Totals	-	-	-	-	 	 	4.09	328.0	338	177	149	135	329	4	1,465	1,262	53	9	11	28	8	46	1	 	 	13	9	 	369	207	 	 	 	106
2015	12080	434	Missouri	-	Totals	-	-	-	-	 	 	3.29	389.0	340	165	142	111	339	5	1,640	1,449	42	13	29	33	5	47	4	 	 	26	6	 	466	306	 	 	 	98
2015	12080	434	Missouri	-	Opponent Totals	-	-	-	-	 	 	4.15	379.1	363	204	175	153	320	1	1,636	1,415	65	13	27	31	7	30	3	 	 	21	17	 	362	392	 	 	 	105
2015	12080	669	Missouri St.	-	Totals	-	-	-	-	 	 	3.07	360.2	312	143	123	153	349	5	1,549	1,332	60	8	14	31	4	36	5	 	 	17	11	 	388	289	 	 	 	109
2015	12080	669	Missouri St.	-	Opponent Totals	-	-	-	-	 	 	5.53	353.1	400	252	217	202	236	1	1,676	1,386	71	8	29	31	6	38	10	 	 	34	16	 	400	373	 	 	 	71
2015	12080	439	Monmouth	-	Totals	-	-	-	-	 	 	5.39	272.1	319	186	163	100	188	2	1,236	1,064	56	10	16	15	3	31	2	 	 	26	15	 	317	257	 	 	 	56
2015	12080	439	Monmouth	-	Opponent Totals	-	-	-	-	 	 	2.97	288.1	259	133	95	115	220	7	1,257	1,075	39	2	10	19	1	30	2	 	 	29	8	 	331	259	 	 	 	70
2015	12080	444	Morehead St.	-	Totals	-	-	-	-	 	 	6.32	367.2	430	286	258	191	329	 	1,712	1,457	103	9	54	46	4	30	1	 	 	19	15	 	364	341	 	 	 	106
2015	12080	444	Morehead St.	-	Opponent Totals	-	-	-	-	 	 	332.35	364.1	493	336	301	191	263	2	1,813	1,519	112	12	42	53	5	61	4	 	 	16	25	 	377	390	 	 	 	70
2015	12080	450	Mt. St. Mary's	-	Totals	-	-	-	-	 	 	6.13	273.0	345	233	186	151	190	 	1,337	1,111	73	3	12	29	2	32	5	 	 	25	17	 	284	288	 	 	 	64
2015	12080	450	Mt. St. Mary's	-	Opponent Totals	-	-	-	-	 	 	3.15	279.2	260	128	98	103	230	2	1,204	1,046	44	3	8	32	2	27	3	 	 	15	11	 	344	210	 	 	 	66
2015	12080	454	Murray St.	-	Totals	-	-	-	-	 	 	6.94	383.2	510	349	296	184	297	 	1,882	1,591	95	15	46	48	7	58	5	 	 	30	19	 	388	401	 	 	 	89
2015	12080	454	Murray St.	-	Opponent Totals	-	-	-	-	 	 	4.20	394.0	363	233	184	170	346	 	1,745	1,482	70	12	29	30	2	54	5	 	 	25	14	 	394	373	 	 	 	92
2015	12080	488	N.C. A&T	-	Totals	-	-	-	-	 	 	7.51	335.1	452	345	280	187	198	1	1,687	1,379	105	15	31	46	11	53	2	 	 	36	30	 	370	366	 	 	 	57
2015	12080	488	N.C. A&T	-	Opponent Totals	-	-	-	-	 	 	3.90	348.2	359	195	151	118	319	4	1,550	1,368	64	10	18	31	5	35	 	 	 	21	7	 	340	329	 	 	 	74
2015	12080	489	N.C. Central	-	Totals	-	-	-	-	 	 	4.13	366.1	393	215	168	149	238	2	1,666	1,426	81	8	18	34	6	40	1	 	 	35	15	 	360	440	 	 	 	80
2015	12080	489	N.C. Central	-	Opponent Totals	-	-	-	-	 	 	3.99	370.0	345	210	164	149	306	4	1,622	1,378	62	5	26	36	3	38	4	 	 	46	11	 	392	350	 	 	 	84
2015	12080	471	NJIT	-	Totals	-	-	-	-	 	 	4.53	290.1	342	177	146	78	203	1	1,320	1,182	44	6	16	29	 	24	2	 	 	19	15	 	307	324	 	 	 	67
2015	12080	471	NJIT	-	Opponent Totals	-	-	-	-	 	 	4.85	293.0	334	210	158	145	199	 	1,372	1,170	50	6	17	29	2	22	3	 	 	23	11	 	348	277	 	 	 	75
2015	12080	477	NYIT	-	Totals	-	-	-	-	 	 	6.71	233.1	298	211	174	159	175	2	1,169	950	51	8	8	36	6	32	1	 	 	16	11	 	211	257	 	 	 	77
2015	12080	477	NYIT	-	Opponent Totals	-	-	-	-	 	 	3.43	244.0	214	110	93	101	255	4	1,057	912	38	2	11	25	1	20	3	 	 	13	10	 	240	205	 	 	 	93
2015	12080	726	Navy	-	Totals	-	-	-	-	 	 	3.00	419.1	363	166	140	124	407	5	1,777	1,569	57	10	15	20	2	42	2	 	 	26	16	 	434	363	 	 	 	129
2015	12080	726	Navy	-	Opponent Totals	-	-	-	-	 	 	5.07	408.1	452	263	230	180	316	2	1,888	1,610	71	27	8	47	7	40	3	 	 	42	16	 	481	372	 	 	 	110
2015	12080	463	Nebraska	-	Totals	-	-	-	-	 	 	2.74	417.1	383	145	127	113	303	2	1,729	1,544	65	9	16	19	 	24	6	 	 	31	17	 	503	378	 	 	 	93
2015	12080	463	Nebraska	-	Opponent Totals	-	-	-	-	 	 	4.26	405.1	420	215	192	152	257	2	1,783	1,547	79	13	16	19	6	23	10	 	 	44	16	 	462	437	 	 	 	75
2015	12080	466	Nevada	-	Totals	-	-	-	-	 	 	3.81	395.0	394	199	167	159	322	2	1,738	1,502	80	8	29	29	4	40	7	 	 	19	16	 	420	369	 	 	 	79
2015	12080	466	Nevada	-	Opponent Totals	-	-	-	-	 	 	7.52	384.1	485	360	321	219	287	2	1,908	1,552	120	15	43	40	10	70	3	 	 	43	22	 	353	460	 	 	 	84
2015	12080	473	New Mexico	-	Totals	-	-	-	-	 	 	4.40	378.2	395	217	185	146	242	2	1,659	1,442	66	12	27	36	11	29	3	 	 	25	17	 	469	350	 	 	 	51
2015	12080	473	New Mexico	-	Opponent Totals	-	-	-	-	 	 	6.06	375.2	449	284	253	212	262	 	1,789	1,498	97	17	23	49	6	32	4	 	 	31	16	 	414	393	 	 	 	76
2015	12080	472	New Mexico St.	-	Totals	-	-	-	-	 	 	7.55	323.0	459	326	271	214	229	 	1,673	1,364	90	12	25	53	7	38	2	 	 	35	19	 	345	331	 	 	 	53
2015	12080	472	New Mexico St.	-	Opponent Totals	-	-	-	-	 	 	3.51	341.0	314	155	133	126	314	3	1,483	1,280	49	3	19	23	4	36	2	 	 	28	13	 	365	291	 	 	 	76
2015	12080	474	New Orleans	-	Totals	-	-	-	-	 	 	4.80	369.2	429	247	197	168	256	2	1,726	1,455	69	9	18	58	7	42	4	 	 	37	23	 	407	375	 	 	 	71
2015	12080	474	New Orleans	-	Opponent Totals	-	-	-	-	 	 	2.96	373.2	373	163	123	92	253	6	1,588	1,418	42	5	7	35	4	35	4	 	 	30	11	 	453	334	 	 	 	56
2015	12080	482	Niagara	-	Totals	-	-	-	-	 	 	5.83	274.2	326	229	178	152	186	1	1,352	1,114	67	13	17	27	5	53	7	 	 	18	13	 	309	275	 	 	 	64
2015	12080	482	Niagara	-	Opponent Totals	-	-	-	-	 	 	4.03	286.0	270	163	128	136	256	1	1,265	1,046	60	4	10	35	2	43	2	 	 	23	16	 	287	245	 	 	 	84
2015	12080	483	Nicholls St.	-	Totals	-	-	-	-	 	 	2.42	364.2	323	140	98	134	302	4	1,556	1,340	43	3	6	24	3	40	1	 	 	33	8	 	382	326	 	 	 	114
2015	12080	483	Nicholls St.	-	Opponent Totals	-	-	-	-	 	 	3.07	357.2	332	153	122	113	283	5	1,509	1,324	48	16	9	29	3	29	4	 	 	32	11	 	392	326	 	 	 	79
2015	12080	485	Norfolk St.	-	Totals	-	-	-	-	 	 	4.15	258.0	232	162	119	130	266	3	1,174	986	41	4	11	31	1	34	7	 	 	16	8	 	254	225	 	 	 	82
2015	12080	485	Norfolk St.	-	Opponent Totals	-	-	-	-	 	 	4.76	257.1	287	207	136	139	206	2	1,235	1,026	57	10	7	29	5	27	2	 	 	31	12	 	295	221	 	 	 	67
2015	12080	457	North Carolina	-	Totals	-	-	-	-	 	 	3.66	369.1	343	192	150	150	351	3	1,611	1,386	65	2	16	42	4	32	6	 	 	29	14	 	319	385	 	 	 	100
2015	12080	457	North Carolina	-	Opponent Totals	-	-	-	-	 	 	4.70	358.0	368	233	187	211	264	 	1,671	1,358	66	10	23	40	6	40	8	 	 	39	23	 	372	376	 	 	 	69
2015	12080	490	North Carolina St.	-	Totals	-	-	-	-	 	 	3.14	370.0	291	169	129	200	375	2	1,627	1,339	46	8	18	48	5	48	2	 	 	32	8	 	379	297	 	 	 	119
2015	12080	490	North Carolina St.	-	Opponent Totals	-	-	-	-	 	 	5.09	366.0	398	240	207	158	286	4	1,667	1,436	84	9	34	49	4	37	6	 	 	21	15	 	372	384	 	 	 	92
2015	12080	494	North Dakota	-	Totals	-	-	-	-	 	 	6.55	287.1	362	247	209	123	193	1	1,396	1,173	71	14	20	40	4	48	 	 	 	30	20	 	343	287	 	 	 	75
2015	12080	494	North Dakota	-	Opponent Totals	-	-	-	-	 	 	4.28	296.2	316	163	141	114	287	2	1,303	1,121	48	6	19	22	4	33	6	 	 	22	13	 	307	229	 	 	 	74
2015	12080	493	North Dakota St.	-	Totals	-	-	-	-	 	 	5.71	313.2	371	252	199	152	279	1	1,477	1,255	57	5	22	39	3	29	 	 	 	26	14	 	321	279	 	 	 	83
2015	12080	493	North Dakota St.	-	Opponent Totals	-	-	-	-	 	 	3.81	328.0	318	186	139	147	265	3	1,463	1,244	54	4	18	40	9	30	2	 	 	27	15	 	341	324	 	 	 	86
2015	12080	2711	North Florida	-	Totals	-	-	-	-	 	 	4.00	393.2	417	201	175	146	286	1	1,702	1,489	58	11	23	27	8	23	3	 	 	24	19	 	475	339	 	 	 	74
2015	12080	2711	North Florida	-	Opponent Totals	-	-	-	-	 	 	6.38	376.2	481	344	267	160	190	 	1,804	1,554	78	14	44	49	4	39	5	 	 	26	25	 	484	392	 	 	 	67
2015	12080	500	Northeastern	-	Totals	-	-	-	-	 	 	5.46	351.0	392	244	213	157	326	3	1,611	1,371	68	13	31	31	3	36	 	 	 	28	18	 	365	299	 	 	 	98
2015	12080	500	Northeastern	-	Opponent Totals	-	-	-	-	 	 	3.84	359.0	344	180	153	147	316	3	1,580	1,365	55	9	21	36	9	39	3	 	 	17	12	 	354	349	 	 	 	101
2015	12080	502	Northern Colo.	-	Totals	-	-	-	-	 	 	6.46	314.2	405	289	226	158	201	 	1,525	1,291	74	20	25	34	4	27	8	 	 	25	24	 	347	329	 	 	 	59
2015	12080	502	Northern Colo.	-	Opponent Totals	-	-	-	-	 	 	4.74	319.0	354	199	168	142	253	2	1,455	1,241	60	8	18	27	8	32	3	 	 	26	10	 	340	298	 	 	 	70
2015	12080	503	Northern Ill.	-	Totals	-	-	-	-	 	 	5.38	344.2	382	259	206	163	225	1	1,599	1,352	90	11	25	31	8	41	6	 	 	23	20	 	402	344	 	 	 	83
2015	12080	503	Northern Ill.	-	Opponent Totals	-	-	-	-	 	 	148.82	357.0	352	197	145	155	289	6	1,598	1,369	64	8	11	38	6	46	 	 	 	10	17	 	383	334	 	 	 	89
2015	12080	505	Northern Ky.	-	Totals	-	-	-	-	 	 	5.85	347.2	421	265	226	167	220	 	1,634	1,376	80	9	21	36	7	46	7	 	 	19	26	 	385	361	 	 	 	74
2015	12080	505	Northern Ky.	-	Opponent Totals	-	-	-	-	 	 	3.93	359.1	389	202	157	127	272	1	1,597	1,394	84	3	23	32	8	36	6	 	 	28	11	 	439	299	 	 	 	70
2015	12080	509	Northwestern	-	Totals	-	-	-	-	 	 	5.39	372.2	461	278	223	175	259	 	1,769	1,503	85	11	16	41	2	42	11	 	 	29	20	 	421	366	 	 	 	86
2015	12080	509	Northwestern	-	Opponent Totals	-	-	-	-	 	 	3.42	389.0	425	187	148	98	284	 	1,699	1,552	93	4	16	24	1	25	1	 	 	16	8	 	442	372	 	 	 	88
2015	12080	508	Northwestern St.	-	Totals	-	-	-	-	 	 	3.57	375.2	384	175	149	91	233	4	1,587	1,415	65	8	15	25	3	26	5	 	 	35	19	 	452	366	 	 	 	72
2015	12080	508	Northwestern St.	-	Opponent Totals	-	-	-	-	 	 	3.90	373.2	371	200	162	124	255	2	1,653	1,420	67	9	18	44	10	52	2	 	 	42	15	 	420	382	 	 	 	62
2015	12080	513	Notre Dame	-	Totals	-	-	-	-	 	 	2.86	400.0	364	146	127	130	270	4	1,677	1,477	66	8	17	19	1	34	5	 	 	23	13	 	439	408	 	 	 	71
2015	12080	513	Notre Dame	-	Opponent Totals	-	-	-	-	 	 	4.36	390.0	370	229	189	174	321	3	1,732	1,475	78	13	22	36	1	40	3	 	 	29	14	 	406	381	 	 	 	86
2015	12080	514	Oakland	-	Totals	-	-	-	-	 	 	7.26	302.1	425	308	244	193	202	 	1,572	1,273	78	5	12	67	7	59	6	 	 	22	25	 	322	330	 	 	 	62
2015	12080	514	Oakland	-	Opponent Totals	-	-	-	-	 	 	3.08	318.1	329	145	109	103	252	1	1,394	1,227	67	4	7	26	1	32	2	 	 	18	14	 	301	344	 	 	 	75
2015	12080	519	Ohio	-	Totals	-	-	-	-	 	 	4.66	312.2	330	210	162	154	272	 	1,462	1,229	57	6	24	42	10	34	5	 	 	29	15	 	337	293	 	 	 	93
2015	12080	519	Ohio	-	Opponent Totals	-	-	-	-	 	 	5.00	313.1	348	224	174	141	185	1	1,443	1,226	58	7	11	38	1	31	4	 	 	28	17	 	343	354	 	 	 	53
2015	12080	518	Ohio St.	-	Totals	-	-	-	-	 	 	2.59	368.1	347	133	106	90	276	5	1,555	1,398	54	10	14	14	3	33	 	 	 	26	7	 	385	386	 	 	 	95
2015	12080	518	Ohio St.	-	Opponent Totals	-	-	-	-	 	 	4.43	357.2	380	222	176	157	243	1	1,620	1,368	80	13	24	32	4	44	5	 	 	27	23	 	377	383	 	 	 	77
2015	12080	522	Oklahoma	-	Totals	-	-	-	-	 	 	3.09	425.1	385	193	146	160	418	4	1,832	1,592	58	8	11	27	6	36	4	 	 	28	13	 	447	338	 	 	 	122
2015	12080	522	Oklahoma	-	Opponent Totals	-	-	-	-	 	 	4.76	414.1	456	266	219	171	255	1	1,864	1,611	74	13	31	33	5	29	8	 	 	32	21	 	431	480	 	 	 	61
2015	12080	521	Oklahoma St.	-	Totals	-	-	-	-	 	 	2.79	394.0	347	146	122	132	351	4	1,664	1,475	43	7	19	27	1	20	6	 	 	27	10	 	448	328	 	 	 	106
2015	12080	521	Oklahoma St.	-	Opponent Totals	-	-	-	-	 	 	5.70	382.1	429	288	242	206	337	 	1,826	1,493	72	13	33	32	6	46	 	 	 	58	21	 	407	358	 	 	 	101
2015	12080	523	Old Dominion	-	Totals	-	-	-	-	 	 	4.69	376.1	433	234	196	167	279	2	1,735	1,497	82	8	24	38	3	27	5	 	 	26	18	 	402	392	 	 	 	74
2015	12080	523	Old Dominion	-	Opponent Totals	-	-	-	-	 	 	5.02	373.0	433	256	208	185	257	1	1,752	1,477	89	7	23	42	3	40	4	 	 	30	20	 	415	377	 	 	 	87
2015	12080	433	Ole Miss	-	Totals	-	-	-	-	 	 	4.14	371.2	378	218	171	131	300	 	1,641	1,432	79	7	27	29	3	32	3	 	 	28	17	 	378	382	 	 	 	86
2015	12080	433	Ole Miss	-	Opponent Totals	-	-	-	-	 	 	4.36	369.1	354	210	179	185	347	2	1,630	1,379	72	5	22	36	2	32	3	 	 	19	15	 	361	324	 	 	 	111
2015	12080	464	Omaha	-	Totals	-	-	-	-	 	 	5.30	349.2	416	240	206	170	263	1	1,649	1,401	62	5	17	22	2	32	2	 	 	22	24	 	400	334	 	 	 	84
2015	12080	464	Omaha	-	Opponent Totals	-	-	-	-	 	 	4.25	349.2	378	214	165	147	310	1	1,582	1,350	50	6	13	36	3	40	1	 	 	26	19	 	371	294	 	 	 	104
2015	12080	527	Oral Roberts	-	Totals	-	-	-	-	 	 	3.25	368.1	351	181	133	110	321	4	1,592	1,406	51	6	19	36	4	36	2	 	 	25	15	 	337	391	 	 	 	101
2015	12080	527	Oral Roberts	-	Opponent Totals	-	-	-	-	 	 	6.50	357.0	464	300	258	198	279	1	1,736	1,457	93	3	26	41	7	27	 	 	 	34	19	 	359	365	 	 	 	90
2015	12080	529	Oregon	-	Totals	-	-	-	-	 	 	3.92	399.0	353	207	174	159	367	2	1,748	1,461	46	7	17	40	9	66	6	 	 	46	16	 	414	348	 	 	 	97
2015	12080	529	Oregon	-	Opponent Totals	-	-	-	-	 	 	4.48	395.2	365	243	197	216	342	1	1,794	1,449	74	15	23	32	7	55	3	 	 	54	16	 	391	382	 	 	 	100
2015	12080	528	Oregon St.	-	Totals	-	-	-	-	 	 	3.28	359.1	291	156	131	129	282	2	1,493	1,305	61	11	14	16	3	26	7	 	 	22	11	 	397	339	 	 	 	90
2015	12080	528	Oregon St.	-	Opponent Totals	-	-	-	-	 	 	5.19	345.1	371	226	199	162	256	 	1,570	1,321	55	16	28	32	8	27	9	 	 	41	19	 	395	330	 	 	 	78
2015	12080	534	Pacific	-	Totals	-	-	-	-	 	 	5.61	357.2	436	284	223	151	242	 	1,690	1,438	77	13	25	44	6	42	14	 	 	34	24	 	401	370	 	 	 	50
2015	12080	534	Pacific	-	Opponent Totals	-	-	-	-	 	 	3.33	370.1	358	165	137	137	300	2	1,587	1,370	65	11	16	33	4	24	7	 	 	45	11	 	416	323	 	 	 	85
2015	12080	540	Penn	-	Totals	-	-	-	-	 	 	3.29	271.0	258	133	99	100	197	1	1,184	1,024	51	2	14	18	2	30	2	 	 	15	15	 	269	298	 	 	 	71
2015	12080	540	Penn	-	Opponent Totals	-	-	-	-	 	 	5.53	271.2	329	196	167	105	219	3	1,264	1,098	83	6	32	29	8	32	3	 	 	15	14	 	254	299	 	 	 	59
2015	12080	539	Penn St.	-	Totals	-	-	-	-	 	 	5.02	346.1	374	230	193	163	223	 	1,591	1,314	71	10	24	22	5	60	10	 	 	23	30	 	386	348	 	 	 	67
2015	12080	539	Penn St.	-	Opponent Totals	-	-	-	-	 	 	3.81	354.0	357	213	150	138	283	2	1,600	1,375	67	8	11	43	3	36	4	 	 	40	10	 	400	334	 	 	 	98
2015	12080	541	Pepperdine	-	Totals	-	-	-	-	 	 	3.77	374.1	382	189	157	146	252	2	1,653	1,396	62	7	20	28	4	35	4	 	 	59	16	 	439	353	 	 	 	78
2015	12080	541	Pepperdine	-	Opponent Totals	-	-	-	-	 	 	182.88	371.1	372	209	175	163	316	3	1,684	1,408	76	8	33	27	4	57	6	 	 	36	20	 	340	399	 	 	 	94
2015	12080	545	Pittsburgh	-	Totals	-	-	-	-	 	 	4.17	358.1	355	224	166	112	326	1	1,569	1,376	64	7	28	30	4	41	2	 	 	29	11	 	389	305	 	 	 	105
2015	12080	545	Pittsburgh	-	Opponent Totals	-	-	-	-	 	 	4.18	359.2	324	198	167	155	331	3	1,572	1,315	57	19	31	36	7	51	4	 	 	25	22	 	340	340	 	 	 	115
2015	12080	551	Portland	-	Totals	-	-	-	-	 	 	5.32	386.0	472	268	228	165	214	2	1,801	1,505	102	11	22	33	4	55	9	 	 	56	20	 	440	419	 	 	 	61
2015	12080	551	Portland	-	Opponent Totals	-	-	-	-	 	 	2.90	404.0	353	147	130	111	367	4	1,646	1,468	75	8	19	19	7	27	5	 	 	37	3	 	407	357	 	 	 	84
2015	12080	553	Prairie View	-	Totals	-	-	-	-	 	 	7.25	362.2	475	379	292	206	250	 	1,825	1,503	98	14	34	36	7	73	2	 	 	26	17	 	384	378	 	 	 	81
2015	12080	553	Prairie View	-	Opponent Totals	-	-	-	-	 	 	4.81	370.1	360	251	198	191	315	4	1,689	1,404	54	22	22	44	6	59	1	 	 	20	14	 	390	322	 	 	 	100
2015	12080	1320	Presbyterian	-	Totals	-	-	-	-	 	 	4.88	391.0	435	260	212	187	322	 	1,829	1,534	77	11	26	30	4	53	5	 	 	35	20	 	389	402	 	 	 	83
2015	12080	1320	Presbyterian	-	Opponent Totals	-	-	-	-	 	 	4.60	387.2	449	257	198	135	281	2	1,762	1,547	63	6	18	61	5	29	7	 	 	36	14	 	448	372	 	 	 	87
2015	12080	554	Princeton	-	Totals	-	-	-	-	 	 	6.40	292.2	390	272	208	139	186	2	1,426	1,224	83	15	22	31	8	32	2	 	 	16	14	 	323	313	 	 	 	70
2015	12080	554	Princeton	-	Opponent Totals	-	-	-	-	 	 	2.88	303.1	285	113	97	94	269	4	1,282	1,151	50	7	12	23	1	20	1	 	 	9	6	 	328	263	 	 	 	90
2015	12080	559	Purdue	-	Totals	-	-	-	-	 	 	5.48	386.0	469	282	235	165	260	2	1,783	1,546	75	16	24	36	6	36	1	 	 	21	14	 	452	358	 	 	 	73
2015	12080	559	Purdue	-	Opponent Totals	-	-	-	-	 	 	3.98	393.1	365	203	174	169	346	3	1,731	1,470	60	6	24	42	6	48	3	 	 	31	13	 	401	368	 	 	 	112
2015	12080	562	Quinnipiac	-	Totals	-	-	-	-	 	 	4.69	330.0	317	204	172	157	235	3	1,488	1,239	89	11	17	28	6	43	4	 	 	35	14	 	357	348	 	 	 	77
2015	12080	562	Quinnipiac	-	Opponent Totals	-	-	-	-	 	 	4.09	336.1	340	184	153	132	239	3	1,478	1,271	61	6	13	26	9	30	6	 	 	36	9	 	390	313	 	 	 	68
2015	12080	563	Radford	-	Totals	-	-	-	-	 	 	3.84	367.2	357	187	157	113	314	 	1,577	1,393	58	9	26	38	1	33	3	 	 	24	11	 	385	340	 	 	 	101
2015	12080	563	Radford	-	Opponent Totals	-	-	-	-	 	 	5.33	363.0	390	251	215	168	312	2	1,672	1,400	80	7	21	39	7	53	7	 	 	34	17	 	348	369	 	 	 	97
2015	12080	572	Rhode Island	-	Totals	-	-	-	-	 	 	4.02	300.0	273	173	134	99	243	4	1,312	1,127	55	6	25	22	4	53	1	 	 	21	12	 	322	288	 	 	 	64
2015	12080	572	Rhode Island	-	Opponent Totals	-	-	-	-	 	 	4.07	303.0	289	165	137	118	230	2	1,320	1,114	53	13	14	31	4	28	4	 	 	39	21	 	332	291	 	 	 	66
2015	12080	574	Rice	-	Totals	-	-	-	-	 	 	3.44	397.2	373	199	152	140	410	3	1,728	1,514	54	10	22	40	8	30	4	 	 	34	9	 	412	314	 	 	 	107
2015	12080	574	Rice	-	Opponent Totals	-	-	-	-	 	 	5.16	389.0	480	277	223	160	248	1	1,819	1,571	73	12	14	31	2	39	9	 	 	29	20	 	484	377	 	 	 	62
2015	12080	575	Richmond	-	Totals	-	-	-	-	 	 	4.37	335.2	318	202	163	136	300	1	1,478	1,260	56	8	29	29	3	46	2	 	 	26	9	 	331	307	 	 	 	87
2015	12080	575	Richmond	-	Opponent Totals	-	-	-	-	 	 	6.12	331.0	375	267	225	165	285	1	1,558	1,323	81	9	41	38	5	39	8	 	 	20	10	 	342	318	 	 	 	91
2015	12080	576	Rider	-	Totals	-	-	-	-	 	 	4.23	306.1	321	185	144	156	224	1	1,392	1,177	60	14	16	30	3	27	4	 	 	18	12	 	315	314	 	 	 	75
2015	12080	576	Rider	-	Opponent Totals	-	-	-	-	 	 	3.53	313.1	268	179	123	117	247	2	1,363	1,174	60	4	5	28	5	45	3	 	 	15	12	 	305	326	 	 	 	63
2015	12080	587	Rutgers	-	Totals	-	-	-	-	 	 	5.95	373.1	461	299	247	174	258	 	1,787	1,511	93	22	32	32	4	53	1	 	 	22	26	 	358	438	 	 	 	91
2015	12080	587	Rutgers	-	Opponent Totals	-	-	-	-	 	 	4.01	381.1	355	205	170	162	238	4	1,659	1,416	62	13	14	24	1	35	 	 	 	25	21	 	466	367	 	 	 	80
2015	12080	660	SIUE	-	Totals	-	-	-	-	 	 	6.95	310.2	395	281	240	159	226	 	1,518	1,282	80	8	38	34	2	46	3	 	 	11	20	 	346	316	 	 	 	72
2015	12080	660	SIUE	-	Opponent Totals	-	-	-	-	 	 	181.71	318.2	347	205	177	131	245	3	1,446	1,249	78	6	34	18	2	33	2	 	 	15	16	 	316	333	 	 	 	96
2015	12080	102	Sacramento St.	-	Totals	-	-	-	-	 	 	3.44	376.1	350	171	144	93	225	4	1,557	1,391	60	8	16	33	7	20	5	 	 	37	16	 	417	419	 	 	 	54
2015	12080	102	Sacramento St.	-	Opponent Totals	-	-	-	-	 	 	3.83	373.1	362	182	159	134	265	7	1,625	1,428	55	13	21	21	9	31	8	 	 	21	10	 	362	441	 	 	 	71
2015	12080	590	Sacred Heart	-	Totals	-	-	-	-	 	 	5.46	305.0	321	203	185	171	198	 	1,416	1,152	57	6	20	36	7	40	6	 	 	33	18	 	349	308	 	 	 	53
2015	12080	590	Sacred Heart	-	Opponent Totals	-	-	-	-	 	 	3.26	317.0	265	142	115	121	267	5	1,349	1,158	48	2	15	20	 	28	6	 	 	33	8	 	346	282	 	 	 	79
2015	12080	606	Saint Joseph's	-	Totals	-	-	-	-	 	 	5.00	300.2	312	197	167	131	215	3	1,369	1,149	69	14	12	30	5	46	8	 	 	25	18	 	346	289	 	 	 	80
2015	12080	606	Saint Joseph's	-	Opponent Totals	-	-	-	-	 	 	4.39	305.2	323	171	149	129	320	2	1,393	1,197	66	9	19	31	8	40	3	 	 	7	19	 	253	307	 	 	 	117
2015	12080	609	Saint Louis	-	Totals	-	-	-	-	 	 	4.16	376.1	328	204	174	176	310	4	1,641	1,377	69	9	14	42	 	47	3	 	 	24	14	 	381	375	 	 	 	92
2015	12080	609	Saint Louis	-	Opponent Totals	-	-	-	-	 	 	5.81	364.1	470	288	235	138	261	1	1,724	1,520	80	7	28	39	7	40	2	 	 	9	15	 	394	378	 	 	 	80
2015	12080	617	Saint Peter's	-	Totals	-	-	-	-	 	 	7.61	281.1	371	269	238	176	183	1	1,422	1,146	90	10	12	32	3	57	1	 	 	27	15	 	301	312	 	 	 	77
2015	12080	617	Saint Peter's	-	Opponent Totals	-	-	-	-	 	 	3.13	296.0	248	142	103	130	256	6	1,283	1,105	38	9	13	31	1	32	1	 	 	11	5	 	335	248	 	 	 	85
2015	12080	624	Sam Houston St.	-	Totals	-	-	-	-	 	 	3.49	402.2	396	204	156	116	317	4	1,760	1,559	63	7	33	27	5	36	6	 	 	32	14	 	418	423	 	 	 	90
2015	12080	624	Sam Houston St.	-	Opponent Totals	-	-	-	-	 	 	4.44	405.0	448	247	200	149	269	4	1,808	1,581	67	6	16	39	7	38	5	 	 	31	9	 	444	420	 	 	 	80
2015	12080	625	Samford	-	Totals	-	-	-	-	 	 	5.11	368.1	410	254	209	149	321	1	1,702	1,462	73	9	26	48	3	56	9	 	 	22	13	 	422	296	 	 	 	89
2015	12080	625	Samford	-	Opponent Totals	-	-	-	-	 	 	5.94	365.0	438	298	241	158	334	2	1,717	1,496	70	11	60	56	4	34	1	 	 	11	16	 	354	359	 	 	 	95
2015	12080	627	San Diego	-	Totals	-	-	-	-	 	 	3.85	379.0	346	192	162	173	358	2	1,674	1,409	71	10	15	45	10	44	19	 	 	35	13	 	402	325	 	 	 	122
2015	12080	627	San Diego	-	Opponent Totals	-	-	-	-	 	 	5.32	372.0	444	253	220	155	224	 	1,689	1,450	75	11	16	38	4	38	4	 	 	28	18	 	422	376	 	 	 	65
2015	12080	626	San Diego St.	-	Totals	-	-	-	-	 	 	4.46	411.2	420	228	204	150	380	2	1,802	1,565	74	10	28	44	1	35	4	 	 	36	16	 	451	337	 	 	 	88
2015	12080	626	San Diego St.	-	Opponent Totals	-	-	-	-	 	 	5.52	401.1	445	287	246	184	307	2	1,837	1,546	84	9	25	31	8	54	8	 	 	32	21	 	368	450	 	 	 	78
2015	12080	629	San Francisco	-	Totals	-	-	-	-	 	 	4.30	391.0	419	216	187	157	295	5	1,750	1,501	83	15	21	33	5	38	2	 	 	39	15	 	409	395	 	 	 	80
2015	12080	629	San Francisco	-	Opponent Totals	-	-	-	-	 	 	4.15	397.0	403	210	183	148	322	4	1,741	1,497	79	9	23	30	5	38	5	 	 	46	12	 	454	342	 	 	 	90
2015	12080	630	San Jose St.	-	Totals	-	-	-	-	 	 	6.85	376.0	477	327	286	190	233	3	1,819	1,502	103	14	32	53	6	62	1	 	 	43	20	 	378	441	 	 	 	69
2015	12080	630	San Jose St.	-	Opponent Totals	-	-	-	-	 	 	2.94	392.1	344	165	128	154	254	2	1,678	1,430	52	7	7	31	3	38	4	 	 	43	13	 	535	313	 	 	 	60
2015	12080	631	Santa Clara	-	Totals	-	-	-	-	 	 	4.71	367.0	394	224	192	158	286	3	1,663	1,423	63	17	18	29	3	40	5	 	 	32	9	 	335	406	 	 	 	73
2015	12080	631	Santa Clara	-	Opponent Totals	-	-	-	-	 	 	3.77	367.1	341	181	154	155	303	3	1,587	1,359	75	12	18	51	9	32	3	 	 	30	10	 	402	327	 	 	 	89
2015	12080	632	Savannah St.	-	Totals	-	-	-	-	 	 	4.70	371.1	403	251	194	168	243	3	1,722	1,457	62	14	25	51	7	47	5	 	 	30	18	 	366	438	 	 	 	72
2015	12080	632	Savannah St.	-	Opponent Totals	-	-	-	-	 	 	4.01	376.2	388	202	168	156	296	2	1,694	1,441	68	6	8	42	3	56	7	 	 	28	13	 	434	315	 	 	 	99
2015	12080	1356	Seattle	-	Totals	-	-	-	-	 	 	3.42	363.0	342	178	138	116	310	2	1,566	1,360	48	2	14	36	10	38	1	 	 	35	15	 	400	313	 	 	 	69
2015	12080	1356	Seattle	-	Opponent Totals	-	-	-	-	 	 	3.99	351.2	338	197	156	173	233	5	1,575	1,318	56	15	10	15	5	28	2	 	 	38	18	 	427	330	 	 	 	70
2015	12080	635	Seton Hall	-	Totals	-	-	-	-	 	 	3.47	301.0	282	140	116	103	202	4	1,313	1,129	42	9	12	20	4	39	3	 	 	24	18	 	339	320	 	 	 	69
2015	12080	635	Seton Hall	-	Opponent Totals	-	-	-	-	 	 	4.33	301.2	291	185	145	147	267	3	1,374	1,151	52	5	11	29	5	48	 	 	 	14	14	 	325	264	 	 	 	95
2015	12080	639	Siena	-	Totals	-	-	-	-	 	 	4.89	285.1	314	187	155	123	227	1	1,310	1,113	56	7	12	39	2	39	 	 	 	23	11	 	307	271	 	 	 	80
2015	12080	639	Siena	-	Opponent Totals	-	-	-	-	 	 	3.98	296.0	268	152	131	129	271	4	1,301	1,122	52	4	18	31	2	26	1	 	 	15	9	 	274	302	 	 	 	100
2015	12080	646	South Ala.	-	Totals	-	-	-	-	 	 	3.27	407.1	379	180	148	167	358	5	1,796	1,534	63	3	18	25	3	53	4	 	 	25	17	 	383	421	 	 	 	92
2015	12080	646	South Ala.	-	Opponent Totals	-	-	-	-	 	 	4.53	395.0	437	252	199	203	218	5	1,861	1,543	48	13	9	37	9	51	5	 	 	37	23	 	468	428	 	 	 	71
2015	12080	648	South Carolina	-	Totals	-	-	-	-	 	 	3.84	401.0	389	207	171	173	372	6	1,763	1,514	74	3	20	43	2	34	5	 	 	27	14	 	403	357	 	 	 	109
2015	12080	648	South Carolina	-	Opponent Totals	-	-	-	-	 	 	4.76	391.2	375	236	207	198	293	2	1,750	1,476	49	14	30	28	7	32	5	 	 	18	26	 	443	382	 	 	 	89
2015	12080	649	South Dakota St.	-	Totals	-	-	-	-	 	 	3.92	360.2	373	194	157	131	336	2	1,584	1,375	59	5	21	41	5	44	1	 	 	20	14	 	350	315	 	 	 	114
2015	12080	649	South Dakota St.	-	Opponent Totals	-	-	-	-	 	 	5.39	359.0	430	290	215	182	266	1	1,750	1,479	79	8	18	66	8	40	3	 	 	27	20	 	460	305	 	 	 	91
2015	12080	651	South Fla.	-	Totals	-	-	-	-	 	 	3.88	392.0	361	222	169	185	387	5	1,759	1,479	62	6	27	28	3	51	5	 	 	31	13	 	405	322	 	 	 	109
2015	12080	651	South Fla.	-	Opponent Totals	-	-	-	-	 	 	4.52	380.0	381	232	191	163	334	2	1,707	1,462	68	9	31	30	4	42	3	 	 	29	11	 	389	360	 	 	 	111
2015	12080	654	Southeast Mo. St.	-	Totals	-	-	-	-	 	 	4.04	387.1	363	219	174	202	363	3	1,729	1,447	67	1	38	38	5	46	1	 	 	16	18	 	420	309	 	 	 	99
2015	12080	654	Southeast Mo. St.	-	Opponent Totals	-	-	-	-	 	 	7.05	379.1	456	343	297	244	308	1	1,830	1,500	94	11	48	53	5	39	6	 	 	25	22	 	322	428	 	 	 	105
2015	12080	655	Southeastern La.	-	Totals	-	-	-	-	 	 	3.60	395.0	374	198	158	121	367	1	1,722	1,516	56	14	16	44	3	44	1	 	 	26	13	 	402	363	 	 	 	94
2015	12080	655	Southeastern La.	-	Opponent Totals	-	-	-	-	 	 	5.85	383.1	470	297	249	195	314	2	1,827	1,526	65	10	18	59	4	58	2	 	 	30	17	 	394	348	 	 	 	101
2015	12080	657	Southern California	-	Totals	-	-	-	-	 	 	3.13	388.0	361	168	135	169	340	5	1,684	1,437	46	6	18	29	5	28	8	 	 	38	12	 	387	364	 	 	 	103
2015	12080	657	Southern California	-	Opponent Totals	-	-	-	-	 	 	5.41	376.0	431	270	226	154	259	 	1,730	1,456	70	7	21	35	11	47	11	 	 	36	35	 	384	410	 	 	 	68
2015	12080	659	Southern Ill.	-	Totals	-	-	-	-	 	 	6.30	385.2	463	316	270	216	281	1	1,839	1,528	108	13	31	38	6	50	1	 	 	27	17	 	392	404	 	 	 	75
2015	12080	659	Southern Ill.	-	Opponent Totals	-	-	-	-	 	 	3.41	399.0	401	182	151	134	323	5	1,747	1,546	64	6	14	35	2	32	5	 	 	27	7	 	452	362	 	 	 	100
2015	12080	664	Southern Miss.	-	Totals	-	-	-	-	 	 	3.24	350.1	334	163	126	126	267	5	1,500	1,303	51	4	20	30	1	34	9	 	 	22	14	 	394	324	 	 	 	74
2015	12080	664	Southern Miss.	-	Opponent Totals	-	-	-	-	 	 	3.82	346.0	363	212	147	140	265	1	1,571	1,345	60	7	27	30	4	39	9	 	 	29	16	 	380	339	 	 	 	77
2015	12080	665	Southern U.	-	Totals	-	-	-	-	 	 	5.50	278.0	303	206	170	143	260	 	1,312	1,106	64	20	9	39	5	40	 	 	 	13	9	 	290	232	 	 	 	98
2015	12080	665	Southern U.	-	Opponent Totals	-	-	-	-	 	 	4.27	276.1	282	174	131	110	248	2	1,246	1,062	45	13	20	25	7	43	1	 	 	22	9	 	258	271	 	 	 	72
2015	12080	596	St. Bonaventure	-	Totals	-	-	-	-	 	 	4.11	276.0	298	168	126	127	206	 	1,278	1,071	63	12	14	27	1	41	5	 	 	25	14	 	317	258	 	 	 	81
2015	12080	596	St. Bonaventure	-	Opponent Totals	-	-	-	-	 	 	3.66	282.2	285	151	115	116	193	1	1,274	1,086	49	8	6	14	3	34	3	 	 	25	12	 	354	256	 	 	 	74
2015	12080	603	St. John's (NY)	-	Totals	-	-	-	-	 	 	4.12	338.1	308	194	155	142	287	4	1,475	1,244	64	12	11	34	5	40	3	 	 	29	19	 	392	275	 	 	 	97
2015	12080	603	St. John's (NY)	-	Opponent Totals	-	-	-	-	 	 	4.20	332.0	350	203	155	158	218	2	1,512	1,270	56	6	12	37	4	35	6	 	 	29	18	 	422	291	 	 	 	79
2015	12080	610	St. Mary's (CA)	-	Totals	-	-	-	-	 	 	4.21	374.0	390	213	175	154	303	 	1,666	1,405	91	6	15	30	7	44	1	 	 	43	20	 	410	332	 	 	 	84
2015	12080	610	St. Mary's (CA)	-	Opponent Totals	-	-	-	-	 	 	4.09	372.1	424	225	169	168	298	5	1,718	1,431	72	8	14	35	7	36	12	 	 	69	14	 	430	314	 	 	 	86
2015	12080	674	Stanford	-	Totals	-	-	-	-	 	 	4.95	336.2	332	219	185	203	263	2	1,531	1,243	56	6	21	60	5	31	 	 	 	41	13	 	343	333	 	 	 	80
2015	12080	674	Stanford	-	Opponent Totals	-	-	-	-	 	 	3.71	334.1	319	179	138	125	217	2	1,463	1,267	59	9	12	30	11	33	3	 	 	28	10	 	400	335	 	 	 	59
2015	12080	676	Stephen F. Austin	-	Totals	-	-	-	-	 	 	6.18	357.0	408	285	245	198	244	3	1,684	1,392	81	15	20	58	6	37	3	 	 	28	27	 	367	394	 	 	 	75
2015	12080	676	Stephen F. Austin	-	Opponent Totals	-	-	-	-	 	 	3.56	364.0	358	176	144	134	301	3	1,586	1,380	53	13	16	26	5	37	2	 	 	26	9	 	368	354	 	 	 	92
2015	12080	678	Stetson	-	Totals	-	-	-	-	 	 	4.36	390.0	440	237	189	155	301	1	1,788	1,544	73	5	27	21	2	47	9	 	 	26	15	 	402	389	 	 	 	93
2015	12080	678	Stetson	-	Opponent Totals	-	-	-	-	 	 	5.48	385.2	441	270	235	155	261	2	1,788	1,553	92	13	28	33	2	49	4	 	 	15	15	 	445	398	 	 	 	63
2015	12080	683	Stony Brook	-	Totals	-	-	-	-	 	 	4.00	272.0	248	138	121	118	218	3	1,188	1,005	58	17	13	17	6	33	4	 	 	19	11	 	280	272	 	 	 	86
2015	12080	683	Stony Brook	-	Opponent Totals	-	-	-	-	 	 	4.38	269.0	273	158	131	138	149	2	1,208	1,023	42	14	3	31	3	26	6	 	 	16	5	 	334	260	 	 	 	71
2015	12080	698	TCU	-	Totals	-	-	-	-	 	 	2.21	379.1	303	120	93	84	370	8	1,528	1,391	43	7	19	15	8	24	3	 	 	20	9	 	421	301	 	 	 	105
2015	12080	698	TCU	-	Opponent Totals	-	-	-	-	 	 	4.93	361.1	418	247	198	146	274	 	1,633	1,427	59	9	12	38	3	25	4	 	 	14	17	 	392	338	 	 	 	71
2015	12080	694	Tennessee	-	Totals	-	-	-	-	 	 	4.07	338.2	309	192	153	145	315	3	1,474	1,270	67	14	22	38	 	24	6	 	 	20	14	 	309	342	 	 	 	79
2015	12080	694	Tennessee	-	Opponent Totals	-	-	-	-	 	 	146.75	343.0	328	178	142	134	288	5	1,495	1,262	48	14	25	20	4	45	6	 	 	42	12	 	383	292	 	 	 	65
2015	12080	692	Tennessee Tech	-	Totals	-	-	-	-	 	 	5.42	347.1	428	271	209	136	285	1	1,636	1,414	67	6	30	33	6	38	5	 	 	23	25	 	340	361	 	 	 	105
2015	12080	692	Tennessee Tech	-	Opponent Totals	-	-	-	-	 	 	216.85	344.1	371	269	205	188	258	 	1,645	1,357	85	6	30	39	2	59	8	 	 	14	25	 	365	356	 	 	 	98
2015	12080	536	Tex.-Pan American	-	Totals	-	-	-	-	 	 	5.21	354.0	389	253	205	175	230	2	1,651	1,392	83	10	19	46	3	39	6	 	 	24	21	 	365	404	 	 	 	86
2015	12080	536	Tex.-Pan American	-	Opponent Totals	-	-	-	-	 	 	4.66	357.2	360	220	185	164	258	3	1,602	1,361	62	10	14	30	5	38	6	 	 	28	11	 	403	340	 	 	 	86
2015	12080	703	Texas	-	Totals	-	-	-	-	 	 	3.14	409.1	375	168	143	146	275	3	1,747	1,504	54	5	16	11	8	37	16	 	 	48	12	 	493	393	 	 	 	75
2015	12080	703	Texas	-	Opponent Totals	-	-	-	-	 	 	3.92	408.1	384	209	178	183	335	2	1,795	1,518	75	18	30	33	3	36	9	 	 	48	10	 	376	447	 	 	 	80
2015	12080	697	Texas A&M	-	Totals	-	-	-	-	 	 	2.57	389.1	360	141	111	112	379	3	1,643	1,473	49	9	8	23	4	29	2	 	 	21	8	 	397	325	 	 	 	93
2015	12080	697	Texas A&M	-	Opponent Totals	-	-	-	-	 	 	6.61	362.1	460	315	266	204	267	 	1,763	1,463	73	9	48	49	8	46	8	 	 	22	26	 	389	356	 	 	 	91
2015	12080	699	Texas Southern	-	Totals	-	-	-	-	 	 	4.54	307.1	291	183	155	160	258	 	1,408	1,163	49	8	23	15	14	50	 	 	 	23	11	 	311	288	 	 	 	73
2015	12080	699	Texas Southern	-	Opponent Totals	-	-	-	-	 	 	5.93	303.2	341	233	200	142	250	2	1,408	1,204	58	13	21	14	14	31	 	 	 	21	9	 	279	316	 	 	 	87
2015	12080	670	Texas St.	-	Totals	-	-	-	-	 	 	5.29	381.1	442	279	224	163	252	1	1,767	1,510	66	13	28	20	2	57	1	 	 	24	12	 	451	362	 	 	 	67
2015	12080	670	Texas St.	-	Opponent Totals	-	-	-	-	 	 	4.27	383.1	347	213	182	173	311	2	1,698	1,454	57	8	31	24	5	42	 	 	 	21	7	 	363	431	 	 	 	85
2015	12080	700	Texas Tech	-	Totals	-	-	-	-	 	 	3.40	402.0	392	185	152	177	332	4	1,774	1,505	64	10	12	27	4	42	2	 	 	36	9	 	507	284	 	 	 	80
2015	12080	700	Texas Tech	-	Opponent Totals	-	-	-	-	 	 	5.10	391.2	421	242	222	197	296	3	1,799	1,523	90	7	33	40	7	36	5	 	 	28	15	 	419	402	 	 	 	84
2015	12080	702	Texas-Arlington	-	Totals	-	-	-	-	 	 	4.33	371.2	431	206	179	115	219	2	1,655	1,433	71	16	18	21	3	41	5	 	 	49	16	 	382	437	 	 	 	66
2015	12080	702	Texas-Arlington	-	Opponent Totals	-	-	-	-	 	 	4.01	375.0	377	187	167	167	275	2	1,662	1,439	63	6	10	37	5	25	2	 	 	17	14	 	414	371	 	 	 	71
2015	12080	709	Toledo	-	Totals	-	-	-	-	 	 	4.32	345.2	345	217	166	187	233	6	1,565	1,291	54	8	21	40	 	35	8	 	 	32	18	 	418	307	 	 	 	73
2015	12080	709	Toledo	-	Opponent Totals	-	-	-	-	 	 	2.40	356.1	308	123	95	86	282	4	1,488	1,326	51	4	14	22	2	31	4	 	 	33	12	 	396	345	 	 	 	72
2015	12080	711	Towson	-	Totals	-	-	-	-	 	 	6.86	375.1	502	362	286	175	230	 	1,848	1,585	103	14	40	56	9	34	16	 	 	29	25	 	500	345	 	 	 	67
2015	12080	711	Towson	-	Opponent Totals	-	-	-	-	 	 	5.43	383.0	439	275	231	216	305	5	1,807	1,519	87	10	20	55	6	28	4	 	 	24	20	 	415	345	 	 	 	112
2015	12080	716	Troy	-	Totals	-	-	-	-	 	 	4.54	398.1	424	233	201	135	276	3	1,767	1,547	89	7	28	34	4	35	7	 	 	36	11	 	474	385	 	 	 	71
2015	12080	716	Troy	-	Opponent Totals	-	-	-	-	 	 	3.91	389.0	392	211	169	153	320	1	1,715	1,483	69	11	28	18	5	36	3	 	 	31	12	 	422	363	 	 	 	78
2015	12080	718	Tulane	-	Totals	-	-	-	-	 	 	2.76	374.2	332	148	115	149	290	9	1,604	1,369	54	7	17	23	2	48	2	 	 	24	14	 	441	305	 	 	 	91
2015	12080	718	Tulane	-	Opponent Totals	-	-	-	-	 	 	3.66	371.0	342	185	151	151	342	5	1,612	1,377	47	10	22	23	4	33	2	 	 	38	13	 	384	320	 	 	 	106
2015	12080	9	UAB	-	Totals	-	-	-	-	 	 	3.25	355.0	309	158	128	150	290	2	1,527	1,303	46	10	17	16	6	40	19	 	 	24	8	 	424	280	 	 	 	83
2015	12080	9	UAB	-	Opponent Totals	-	-	-	-	 	 	4.28	351.0	330	195	167	142	284	4	1,544	1,328	54	9	20	29	5	33	5	 	 	28	13	 	366	359	 	 	 	90
2015	12080	32	UALR	-	Totals	-	-	-	-	 	 	6.61	335.0	393	269	246	189	274	2	1,601	1,331	75	9	29	31	8	37	10	 	 	31	13	 	332	353	 	 	 	87
2015	12080	32	UALR	-	Opponent Totals	-	-	-	-	 	 	3.35	341.1	332	157	127	121	275	3	1,485	1,285	52	4	10	26	2	42	4	 	 	24	12	 	393	291	 	 	 	83
2015	12080	108	UC Davis	-	Totals	-	-	-	-	 	 	3.77	377.2	393	203	158	140	270	3	1,663	1,433	61	11	8	33	3	36	 	 	 	41	12	 	462	334	 	 	 	64
2015	12080	108	UC Davis	-	Opponent Totals	-	-	-	-	 	 	4.77	375.1	427	239	199	139	233	 	1,711	1,446	96	15	10	35	5	70	4	 	 	39	16	 	473	322	 	 	 	69
2015	12080	109	UC Irvine	-	Totals	-	-	-	-	 	 	4.22	360.2	424	185	169	105	279	2	1,600	1,407	85	12	17	34	2	31	3	 	 	38	18	 	390	343	 	 	 	73
2015	12080	109	UC Irvine	-	Opponent Totals	-	-	-	-	 	 	4.53	356.0	378	217	179	146	255	2	1,602	1,357	69	7	22	27	7	43	6	 	 	43	13	 	396	346	 	 	 	85
2015	12080	111	UC Riverside	-	Totals	-	-	-	-	 	 	5.09	373.1	428	274	211	150	283	1	1,739	1,476	67	8	21	44	9	49	10	 	 	47	17	 	376	399	 	 	 	91
2015	12080	111	UC Riverside	-	Opponent Totals	-	-	-	-	 	 	3.74	380.1	392	188	158	118	345	3	1,632	1,455	64	8	18	28	3	27	7	 	 	25	7	 	380	333	 	 	 	100
2015	12080	104	UC Santa Barbara	-	Totals	-	-	-	-	 	 	2.12	374.0	315	119	88	101	335	7	1,523	1,355	41	7	11	28	2	21	4	 	 	32	12	 	396	330	 	 	 	89
2015	12080	104	UC Santa Barbara	-	Opponent Totals	-	-	-	-	 	 	5.10	358.0	411	227	203	155	255	2	1,657	1,387	63	13	13	37	8	50	8	 	 	48	17	 	413	340	 	 	 	83
2015	12080	128	UCF	-	Totals	-	-	-	-	 	 	4.88	391.0	401	245	212	211	332	2	1,791	1,503	45	12	26	52	7	33	4	 	 	29	15	 	396	378	 	 	 	103
2015	12080	128	UCF	-	Opponent Totals	-	-	-	-	 	 	6.12	383.2	465	298	261	190	339	2	1,824	1,542	86	13	52	39	5	48	3	 	 	25	15	 	334	423	 	 	 	105
2015	12080	110	UCLA	-	Totals	-	-	-	-	 	 	2.29	361.0	291	124	92	89	356	5	1,449	1,305	53	5	16	11	5	26	 	 	 	19	9	 	356	311	 	 	 	99
2015	12080	110	UCLA	-	Opponent Totals	-	-	-	-	 	 	5.92	345.1	393	258	227	168	235	3	1,621	1,352	89	14	24	41	4	40	6	 	 	40	20	 	423	315	 	 	 	69
2015	12080	164	UConn	-	Totals	-	-	-	-	 	 	2.61	404.0	324	156	117	145	366	5	1,679	1,483	50	2	15	45	6	18	2	 	 	17	15	 	421	368	 	 	 	118
2015	12080	164	UConn	-	Opponent Totals	-	-	-	-	 	 	5.65	403.0	451	302	253	206	324	1	1,883	1,570	88	8	32	46	5	61	3	 	 	23	23	 	394	403	 	 	 	135
2015	12080	391	UMBC	-	Totals	-	-	-	-	 	 	3.68	301.0	296	156	123	125	264	3	1,331	1,154	68	4	13	32	5	28	2	 	 	14	10	 	315	274	 	 	 	106
2015	12080	391	UMBC	-	Opponent Totals	-	-	-	-	 	 	4.14	302.0	311	188	139	111	182	5	1,342	1,161	50	7	15	30	 	37	3	 	 	19	12	 	340	323	 	 	 	60
2015	12080	393	UMES	-	Totals	-	-	-	-	 	 	5.00	340.1	372	227	189	129	219	5	1,554	1,336	76	11	10	29	4	33	2	 	 	34	22	 	378	377	 	 	 	76
2015	12080	393	UMES	-	Opponent Totals	-	-	-	-	 	 	2.92	354.0	287	152	115	131	363	7	1,501	1,297	47	7	12	31	6	29	5	 	 	38	6	 	345	305	 	 	 	99
2015	12080	368	UMass Lowell	-	Totals	-	-	-	-	 	 	5.54	271.1	279	195	167	137	113	2	1,245	1,021	64	10	21	32	6	41	5	 	 	30	16	 	313	339	 	 	 	37
2015	12080	368	UMass Lowell	-	Opponent Totals	-	-	-	-	 	 	130.26	281.1	276	147	126	127	211	1	1,269	1,052	42	9	5	26	7	41	2	 	 	32	15	 	312	269	 	 	 	79
2015	12080	456	UNC Asheville	-	Totals	-	-	-	-	 	 	6.26	385.1	478	326	268	204	243	 	1,847	1,529	86	8	31	62	6	54	3	 	 	32	26	 	438	384	 	 	 	73
2015	12080	456	UNC Asheville	-	Opponent Totals	-	-	-	-	 	 	4.81	387.2	380	249	207	199	431	2	1,761	1,497	69	7	26	42	10	31	3	 	 	6	27	 	309	377	 	 	 	136
2015	12080	459	UNCG	-	Totals	-	-	-	-	 	 	6.03	333.0	382	261	223	197	282	3	1,596	1,312	71	9	30	56	6	45	4	 	 	20	22	 	316	344	 	 	 	105
2015	12080	459	UNCG	-	Opponent Totals	-	-	-	-	 	 	5.61	335.1	396	247	209	154	301	2	1,547	1,342	69	11	44	36	4	17	3	 	 	18	15	 	342	299	 	 	 	84
2015	12080	460	UNCW	-	Totals	-	-	-	-	 	 	4.42	358.0	343	212	176	200	344	 	1,630	1,363	46	3	31	62	3	32	2	 	 	21	13	 	332	337	 	 	 	115
2015	12080	460	UNCW	-	Opponent Totals	-	-	-	-	 	 	5.97	342.0	427	281	227	163	317	 	1,631	1,394	73	9	31	40	1	25	8	 	 	29	20	 	321	330	 	 	 	103
2015	12080	465	UNLV	-	Totals	-	-	-	-	 	 	4.63	378.2	441	235	195	138	307	2	1,734	1,502	100	9	24	26	8	49	7	 	 	29	16	 	386	382	 	 	 	114
2015	12080	465	UNLV	-	Opponent Totals	-	-	-	-	 	 	4.27	375.1	397	216	178	144	274	4	1,666	1,434	65	14	12	34	4	37	8	 	 	23	22	 	428	354	 	 	 	73
2015	12080	10411	USC Upstate	-	Totals	-	-	-	-	 	 	6.74	394.0	530	333	295	183	298	1	1,903	1,647	86	11	32	57	 	21	9	 	 	29	23	 	399	429	 	 	 	102
2015	12080	10411	USC Upstate	-	Opponent Totals	-	-	-	-	 	 	3.93	394.0	430	243	172	166	369	4	1,826	1,552	74	12	14	37	4	48	2	 	 	32	28	 	403	355	 	 	 	118
2015	12080	695	UT Martin	-	Totals	-	-	-	-	 	 	7.31	353.1	445	333	287	241	252	1	1,771	1,424	98	13	40	37	4	59	3	 	 	25	20	 	315	424	 	 	 	91
2015	12080	695	UT Martin	-	Opponent Totals	-	-	-	-	 	 	4.27	366.1	367	204	174	142	332	3	1,618	1,408	75	7	25	23	5	36	3	 	 	19	13	 	377	330	 	 	 	103
2015	12080	706	UTSA	-	Totals	-	-	-	-	 	 	4.33	390.2	448	247	188	150	299	4	1,782	1,550	59	6	36	19	2	30	7	 	 	35	17	 	384	429	 	 	 	88
2015	12080	706	UTSA	-	Opponent Totals	-	-	-	-	 	 	5.51	382.1	428	275	234	162	306	 	1,767	1,507	96	8	39	34	3	50	4	 	 	26	22	 	381	403	 	 	 	106
2015	12080	732	Utah	-	Totals	-	-	-	-	 	 	5.24	336.2	385	228	196	126	253	 	1,538	1,353	68	16	29	40	8	24	6	 	 	25	9	 	390	325	 	 	 	71
2015	12080	732	Utah	-	Opponent Totals	-	-	-	-	 	 	4.10	346.2	323	177	158	125	260	1	1,484	1,256	49	8	15	40	8	58	5	 	 	34	11	 	371	319	 	 	 	72
2015	12080	30024	Utah Valley	-	Totals	-	-	-	-	 	 	6.07	341.0	449	284	230	210	207	 	1,687	1,392	84	17	23	40	6	36	6	 	 	33	16	 	369	377	 	 	 	60
2015	12080	30024	Utah Valley	-	Opponent Totals	-	-	-	-	 	 	4.32	352.1	348	206	169	149	322	1	1,565	1,360	60	16	10	42	8	30	3	 	 	15	10	 	363	320	 	 	 	92
2015	12080	740	VCU	-	Totals	-	-	-	-	 	 	2.96	383.2	342	153	126	121	351	4	1,614	1,424	47	5	16	26	1	32	3	 	 	26	11	 	383	358	 	 	 	125
2015	12080	740	VCU	-	Opponent Totals	-	-	-	-	 	 	4.07	380.1	403	225	172	146	265	3	1,725	1,455	52	10	17	29	3	65	5	 	 	40	19	 	476	318	 	 	 	85
2015	12080	741	VMI	-	Totals	-	-	-	-	 	 	6.02	293.0	344	237	196	146	224	 	1,388	1,173	66	2	35	37	1	38	3	 	 	19	12	 	327	267	 	 	 	76
2015	12080	741	VMI	-	Opponent Totals	-	-	-	-	 	 	4.52	299.0	304	168	150	119	295	1	1,335	1,144	61	8	37	31	4	40	2	 	 	23	9	 	317	231	 	 	 	87
2015	12080	735	Valparaiso	-	Totals	-	-	-	-	 	 	5.15	318.1	411	231	182	110	200	1	1,487	1,297	91	5	20	20	4	33	1	 	 	25	22	 	323	369	 	 	 	64
2015	12080	735	Valparaiso	-	Opponent Totals	-	-	-	-	 	 	5.44	331.0	363	240	200	191	308	4	1,599	1,313	73	6	18	49	2	49	3	 	 	25	21	 	307	343	 	 	 	99
2015	12080	736	Vanderbilt	-	Totals	-	-	-	-	 	 	2.87	416.2	316	159	133	210	452	10	1,770	1,488	62	7	20	29	5	36	1	 	 	23	13	 	384	345	 	 	 	121
2015	12080	736	Vanderbilt	-	Opponent Totals	-	-	-	-	 	 	5.79	396.1	473	313	255	209	386	 	1,881	1,577	96	18	38	49	6	45	8	 	 	28	22	 	352	372	 	 	 	106
2015	12080	739	Villanova	-	Totals	-	-	-	-	 	 	4.30	339.1	360	196	162	159	248	 	1,530	1,297	58	11	13	43	6	34	7	 	 	23	16	 	360	341	 	 	 	95
2015	12080	739	Villanova	-	Opponent Totals	-	-	-	-	 	 	3.63	337.0	343	169	136	138	242	2	1,508	1,301	60	9	11	34	8	43	6	 	 	24	2	 	361	351	 	 	 	86
2015	12080	746	Virginia	-	Totals	-	-	-	-	 	 	3.51	400.1	349	184	156	194	396	1	1,746	1,472	55	8	27	36	3	33	2	 	 	34	12	 	428	302	 	 	 	91
2015	12080	746	Virginia	-	Opponent Totals	-	-	-	-	 	 	4.16	389.2	421	241	180	168	236	3	1,799	1,527	68	12	26	41	4	51	3	 	 	38	15	 	427	443	 	 	 	68
2015	12080	742	Virginia Tech	-	Totals	-	-	-	-	 	 	5.59	365.2	389	275	227	170	309	1	1,690	1,424	82	8	32	47	2	46	3	 	 	36	14	 	375	360	 	 	 	80
2015	12080	742	Virginia Tech	-	Opponent Totals	-	-	-	-	 	 	4.65	366.0	378	229	189	158	322	2	1,662	1,422	75	11	27	42	2	36	8	 	 	29	16	 	385	338	 	 	 	74
2015	12080	748	Wagner	-	Totals	-	-	-	-	 	 	4.54	255.2	244	148	129	157	203	1	1,186	970	37	4	13	20	1	32	6	 	 	22	5	 	271	252	 	 	 	76
2015	12080	748	Wagner	-	Opponent Totals	-	-	-	-	 	 	4.43	258.0	270	147	127	128	189	 	1,189	998	54	3	9	20	2	27	7	 	 	26	10	 	307	235	 	 	 	74
2015	12080	749	Wake Forest	-	Totals	-	-	-	-	 	 	5.59	397.2	432	291	247	220	305	2	1,876	1,554	85	7	47	56	5	48	9	 	 	32	21	 	404	421	 	 	 	80
2015	12080	749	Wake Forest	-	Opponent Totals	-	-	-	-	 	 	5.92	390.2	490	306	257	185	341	 	1,865	1,595	111	4	46	44	5	46	7	 	 	23	16	 	402	375	 	 	 	109
2015	12080	756	Washington	-	Totals	-	-	-	-	 	 	3.08	377.0	334	155	129	120	289	4	1,570	1,382	60	10	22	12	3	26	7	 	 	31	10	 	420	354	 	 	 	77
2015	12080	756	Washington	-	Opponent Totals	-	-	-	-	 	 	169.83	373.0	370	207	165	162	270	1	1,699	1,417	72	6	26	39	4	65	9	 	 	43	12	 	454	338	 	 	 	79
2015	12080	754	Washington St.	-	Totals	-	-	-	-	 	 	3.68	369.1	336	180	151	173	297	2	1,623	1,358	57	2	17	41	4	39	9	 	 	43	10	 	388	351	 	 	 	64
2015	12080	754	Washington St.	-	Opponent Totals	-	-	-	-	 	 	3.94	365.2	328	194	160	163	309	3	1,601	1,352	60	13	12	29	6	41	6	 	 	32	12	 	407	323	 	 	 	86
2015	12080	768	West Virginia	-	Totals	-	-	-	-	 	 	3.57	297.2	279	149	118	128	225	3	1,307	1,109	59	11	16	14	1	39	5	 	 	15	16	 	311	297	 	 	 	68
2015	12080	768	West Virginia	-	Opponent Totals	-	-	-	-	 	 	5.47	288.0	330	207	175	117	248	 	1,323	1,143	72	4	34	20	1	29	7	 	 	20	14	 	268	294	 	 	 	64
2015	12080	769	Western Caro.	-	Totals	-	-	-	-	 	 	6.35	347.0	394	295	245	239	330	1	1,702	1,372	87	11	25	83	1	41	 	 	 	31	18	 	357	301	 	 	 	94
2015	12080	769	Western Caro.	-	Opponent Totals	-	-	-	-	 	 	5.60	347.0	400	271	216	144	304	 	1,622	1,377	78	7	29	50	3	56	5	 	 	24	20	 	346	338	 	 	 	121
2015	12080	771	Western Ill.	-	Totals	-	-	-	-	 	 	5.78	319.0	368	265	205	200	296	2	1,583	1,292	64	7	12	47	8	52	4	 	 	22	17	 	325	290	 	 	 	90
2015	12080	771	Western Ill.	-	Opponent Totals	-	-	-	-	 	 	3.30	330.0	295	153	121	118	275	5	1,422	1,239	40	3	13	37	5	42	1	 	 	14	9	 	364	295	 	 	 	73
2015	12080	772	Western Ky.	-	Totals	-	-	-	-	 	 	4.58	361.2	378	226	184	156	251	1	1,623	1,374	72	7	26	48	3	47	5	 	 	28	16	 	343	409	 	 	 	59
2015	12080	772	Western Ky.	-	Opponent Totals	-	-	-	-	 	 	4.73	356.0	389	224	187	153	299	1	1,619	1,404	79	8	34	40	3	23	8	 	 	22	16	 	370	343	 	 	 	79
2015	12080	774	Western Mich.	-	Totals	-	-	-	-	 	 	4.62	331.0	368	217	170	149	248	1	1,518	1,274	67	9	11	26	4	42	5	 	 	37	16	 	351	317	 	 	 	80
2015	12080	774	Western Mich.	-	Opponent Totals	-	-	-	-	 	 	3.91	338.0	324	191	147	111	226	1	1,495	1,295	55	15	11	22	3	53	3	 	 	30	6	 	397	339	 	 	 	70
2015	12080	782	Wichita St.	-	Totals	-	-	-	-	 	 	5.26	369.2	398	260	216	197	345	 	1,712	1,428	69	12	24	59	4	37	8	 	 	32	17	 	376	327	 	 	 	96
2015	12080	782	Wichita St.	-	Opponent Totals	-	-	-	-	 	 	5.21	371.1	388	246	215	145	338	3	1,675	1,437	69	7	26	32	8	50	2	 	 	25	16	 	369	354	 	 	 	101
2015	12080	786	William & Mary	-	Totals	-	-	-	-	 	 	5.55	342.1	427	262	211	144	243	 	1,620	1,382	77	7	30	36	1	41	7	 	 	31	21	 	380	348	 	 	 	69
2015	12080	786	William & Mary	-	Opponent Totals	-	-	-	-	 	 	232.80	350.1	387	257	223	159	308	1	1,641	1,399	101	6	35	47	3	49	7	 	 	23	9	 	359	332	 	 	 	83
2015	12080	792	Winthrop	-	Totals	-	-	-	-	 	 	3.82	410.1	431	211	174	142	357	4	1,804	1,582	78	7	27	28	 	40	4	 	 	24	15	 	382	420	 	 	 	96
2015	12080	792	Winthrop	-	Opponent Totals	-	-	-	-	 	 	5.22	395.0	465	284	229	186	309	3	1,844	1,567	68	12	18	40	2	35	1	 	 	33	23	 	453	347	 	 	 	103
2015	12080	2915	Wofford	-	Totals	-	-	-	-	 	 	4.35	393.1	406	223	190	151	379	2	1,748	1,519	65	9	31	53	5	36	3	 	 	28	14	 	390	354	 	 	 	131
2015	12080	2915	Wofford	-	Opponent Totals	-	-	-	-	 	 	6.15	377.2	450	304	258	195	317	1	1,788	1,487	96	13	32	39	4	45	3	 	 	35	26	 	335	412	 	 	 	111
2015	12080	810	Wright St.	-	Totals	-	-	-	-	 	 	3.58	376.2	361	186	150	131	286	3	1,624	1,416	65	13	25	23	2	34	4	 	 	28	15	 	423	360	 	 	 	79
2015	12080	810	Wright St.	-	Opponent Totals	-	-	-	-	 	 	5.80	372.1	434	283	240	163	278	 	1,731	1,466	92	12	23	35	3	48	5	 	 	35	19	 	386	378	 	 	 	94
2015	12080	812	Xavier	-	Totals	-	-	-	-	 	 	4.81	372.2	384	240	199	196	290	 	1,711	1,423	74	12	26	38	6	55	8	 	 	26	9	 	393	350	 	 	 	89
2015	12080	812	Xavier	-	Opponent Totals	-	-	-	-	 	 	3.15	391.0	353	170	137	136	337	5	1,683	1,467	50	9	16	31	7	49	1	 	 	12	19	 	388	393	 	 	 	95
2015	12080	813	Yale	-	Totals	-	-	-	-	 	 	7.65	319.0	417	310	271	159	227	1	1,564	1,316	84	5	29	44	3	45	3	 	 	22	22	 	355	328	 	 	 	72
2015	12080	813	Yale	-	Opponent Totals	-	-	-	-	 	 	3.77	325.0	343	185	136	132	281	3	1,481	1,278	70	1	6	43	5	47	1	 	 	12	10	 	342	302	 	 	 	90
2015	12080	817	Youngstown St.	-	Totals	-	-	-	-	 	 	6.29	330.2	375	272	231	210	200	1	1,611	1,303	68	10	19	27	3	58	2	 	 	21	19	 	350	391	 	 	 	76
2015	12080	817	Youngstown St.	-	Opponent Totals	-	-	-	-	 	 	3.54	338.0	312	167	133	146	290	3	1,477	1,276	42	6	12	24	4	29	2	 	 	18	8	 	359	309	 	 	 	95
