year	year_id	team_id	team_name	jersey_number	summary_type	class_year	position	GP	GS	BA	OBP	SLG	AB	R	H	2B	3B	HR	RBI	BB	HBP	SF	SH	K	DP	SB	CS	PickedOff
2015	12080	26172	A&M-Corpus Chris	-	Totals	-	-	-	-	39	0.269	0.349	0.359	1,266	196	340	45	18	""	11	183	137	26	14	23	253	30	52	19	 
2015	12080	26172	A&M-Corpus Chris	-	Opponent Totals	-	-	-	-	39	0.265	0.342	0.336	1,281	177	339	50	3	""	12	154	130	25	9	38	304	36	35	9	 
2015	12080	2	Abilene Christian	-	Totals	-	-	-	-	41	0.240	0.305	0.304	1,348	144	323	50	8	""	7	129	99	34	12	47	351	25	31	15	 
2015	12080	2	Abilene Christian	-	Opponent Totals	-	-	-	-	41	0.279	0.366	0.392	1,392	227	389	73	13	""	19	199	160	38	12	28	292	33	60	14	 
2015	12080	721	Air Force	-	Totals	-	-	-	-	42	0.288	0.352	0.431	1,470	254	423	108	12	""	26	237	101	54	18	17	306	32	69	21	 
2015	12080	721	Air Force	-	Opponent Totals	-	-	-	-	42	0.264	0.370	0.351	1,364	234	360	72	10	""	9	202	191	47	13	20	301	41	52	28	 
2015	12080	5	Akron	-	Totals	-	-	-	-	41	0.271	0.351	0.347	1,384	201	375	50	8	""	13	169	140	37	13	33	273	32	54	11	 
2015	12080	5	Akron	-	Opponent Totals	-	-	-	-	41	0.253	0.320	0.372	1,364	189	345	69	8	""	26	169	113	28	13	22	269	25	34	24	 
2015	12080	8	Alabama	-	Totals	-	-	-	-	43	0.279	0.355	0.397	1,526	243	426	82	16	""	22	221	143	45	16	21	349	26	49	16	 
2015	12080	8	Alabama	-	Opponent Totals	-	-	-	-	43	0.257	0.352	0.350	1,440	196	370	60	7	""	20	175	187	33	15	38	334	43	49	19	 
2015	12080	6	Alabama A&M	-	Totals	-	-	-	-	48	0.304	0.384	0.447	1,607	335	488	101	12	""	35	301	181	40	16	34	331	34	39	15	 
2015	12080	6	Alabama A&M	-	Opponent Totals	-	-	-	-	48	0.284	0.386	0.403	1,565	301	445	71	20	""	25	266	201	67	15	28	353	31	80	15	 
2015	12080	7	Alabama St.	-	Totals	-	-	-	-	42	0.314	0.415	0.454	1,417	335	445	78	11	""	33	303	189	74	26	30	294	43	52	15	 
2015	12080	7	Alabama St.	-	Opponent Totals	-	-	-	-	42	0.281	0.358	0.381	1,440	225	404	77	7	""	18	200	149	32	14	22	371	24	65	17	 
2015	12080	14	Albany (NY)	-	Totals	-	-	-	-	30	0.258	0.341	0.330	951	126	245	44	8	""	3	114	102	25	13	14	201	22	29	13	 
2015	12080	14	Albany (NY)	-	Opponent Totals	-	-	-	-	30	0.283	0.385	0.390	957	183	271	58	7	""	10	166	136	31	15	23	160	28	32	15	 
2015	12080	17	Alcorn	-	Totals	-	-	-	-	47	0.259	0.343	0.374	1,544	246	400	66	12	""	29	224	166	37	13	20	395	24	90	36	 
2015	12080	17	Alcorn	-	Opponent Totals	-	-	-	-	47	0.333	0.438	0.490	1,654	470	550	109	20	""	37	426	269	63	29	21	232	32	105	15	 
2015	12080	27	Appalachian St.	-	Totals	-	-	-	-	44	0.262	0.347	0.377	1,504	217	394	69	7	""	30	190	167	36	12	28	348	41	26	15	 
2015	12080	27	Appalachian St.	-	Opponent Totals	-	-	-	-	44	0.275	0.361	0.390	1,512	278	416	73	14	""	24	243	179	39	25	22	301	29	66	15	 
2015	12080	29	Arizona	-	Totals	-	-	-	-	41	0.306	0.385	0.434	1,409	270	431	73	18	""	24	220	172	22	22	39	244	29	49	28	 
2015	12080	29	Arizona	-	Opponent Totals	-	-	-	-	41	0.273	0.332	0.358	1,399	188	382	67	14	""	8	172	103	30	19	27	251	41	31	9	 
2015	12080	28	Arizona St.	-	Totals	-	-	-	-	40	0.304	0.375	0.427	1,374	234	418	77	13	""	22	213	139	30	21	21	242	29	41	25	 
2015	12080	28	Arizona St.	-	Opponent Totals	-	-	-	-	40	0.254	0.338	0.361	1,356	180	345	53	10	""	24	161	149	30	15	30	348	27	35	20	 
2015	12080	2678	Ark.-Pine Bluff	-	Totals	-	-	-	-	34	0.266	0.350	0.371	1,157	202	308	57	5	""	18	177	109	44	9	22	225	29	24	23	 
2015	12080	2678	Ark.-Pine Bluff	-	Opponent Totals	-	-	-	-	34	0.275	0.355	0.381	1,146	185	315	49	8	""	19	160	118	33	16	20	278	27	97	14	 
2015	12080	31	Arkansas	-	Totals	-	-	-	-	44	0.295	0.388	0.443	1,477	276	435	76	15	""	38	246	199	39	20	15	281	42	41	13	 
2015	12080	31	Arkansas	-	Opponent Totals	-	-	-	-	44	0.264	0.374	0.358	1,445	220	381	48	4	""	27	201	208	58	17	20	339	47	43	23	 
2015	12080	30	Arkansas St.	-	Totals	-	-	-	-	41	0.265	0.362	0.374	1,393	224	369	85	5	""	19	196	158	66	19	44	286	23	38	14	 
2015	12080	30	Arkansas St.	-	Opponent Totals	-	-	-	-	41	0.249	0.343	0.353	1,356	187	338	56	2	""	27	167	169	28	7	42	322	28	41	15	 
2015	12080	725	Army West Point	-	Totals	-	-	-	-	43	0.260	0.349	0.356	1,329	210	346	75	11	""	10	184	114	74	14	40	256	20	52	21	 
2015	12080	725	Army West Point	-	Opponent Totals	-	-	-	-	43	11.115	15.100	15.112	1,309	212	348	57	13	17	15	184	150	52	14	32	309	31	33	28	 
2015	12080	37	Auburn	-	Totals	-	-	-	-	45	0.283	0.373	0.389	1,474	233	417	83	14	""	15	207	176	48	19	28	271	41	36	27	 
2015	12080	37	Auburn	-	Opponent Totals	-	-	-	-	45	0.249	0.332	0.341	1,509	173	376	71	8	""	17	154	164	28	10	19	354	34	31	13	 
2015	12080	43	Austin Peay	-	Totals	-	-	-	-	41	0.307	0.404	0.483	1,449	300	445	102	9	""	45	261	192	51	12	36	329	28	64	23	 
2015	12080	43	Austin Peay	-	Opponent Totals	-	-	-	-	41	0.262	0.354	0.409	1,430	267	374	76	9	""	39	236	156	59	17	18	296	28	48	12	 
2015	12080	77	BYU	-	Totals	-	-	-	-	40	0.293	0.365	0.410	1,383	220	405	78	9	""	22	199	130	35	15	32	266	45	25	15	 
2015	12080	77	BYU	-	Opponent Totals	-	-	-	-	40	0.293	0.385	0.406	1,353	227	396	76	13	""	17	209	167	48	17	30	265	34	31	12	 
2015	12080	94	Bakersfield	-	Totals	-	-	-	-	42	0.278	0.365	0.359	1,444	246	402	57	13	""	11	211	165	42	16	28	293	30	41	12	 
2015	12080	94	Bakersfield	-	Opponent Totals	-	-	-	-	42	0.259	0.339	0.350	1,389	167	360	56	14	""	14	148	145	28	10	26	251	42	17	18	 
2015	12080	47	Ball St.	-	Totals	-	-	-	-	42	0.279	0.347	0.398	1,460	239	407	68	14	""	26	216	132	30	18	16	282	30	41	19	 
2015	12080	47	Ball St.	-	Opponent Totals	-	-	-	-	42	0.274	0.367	0.359	1,436	221	394	45	16	""	15	204	170	49	16	23	311	34	33	17	 
2015	12080	51	Baylor	-	Totals	-	-	-	-	43	0.257	0.325	0.333	1,440	172	370	69	11	""	6	156	127	25	16	18	322	29	54	26	 
2015	12080	51	Baylor	-	Opponent Totals	-	-	-	-	43	0.289	0.368	0.395	1,522	241	440	70	11	""	23	216	160	37	14	27	247	28	25	14	 
2015	12080	14927	Belmont	-	Totals	-	-	-	-	42	0.293	0.399	0.499	1,455	334	427	105	13	""	56	308	204	69	27	16	269	37	71	15	 
2015	12080	14927	Belmont	-	Opponent Totals	-	-	-	-	42	11.863	14.559	17.926	1,492	263	427	81	11	28	40	226	120	50	19	23	344	28	51	17	 
2015	12080	61	Bethune-Cookman	-	Totals	-	-	-	-	49	0.259	0.342	0.331	1,631	222	422	73	9	""	9	186	157	60	22	37	326	47	41	17	 
2015	12080	61	Bethune-Cookman	-	Opponent Totals	-	-	-	-	49	0.286	0.394	0.387	1,616	321	462	72	16	""	20	284	234	68	21	46	302	44	59	25	 
2015	12080	62	Binghamton	-	Totals	-	-	-	-	31	0.272	0.361	0.392	1,034	183	281	60	14	""	12	165	114	35	8	24	205	17	32	9	 
2015	12080	62	Binghamton	-	Opponent Totals	-	-	-	-	31	0.286	0.375	0.417	1,014	189	290	63	17	""	12	175	109	43	12	11	152	20	29	12	 
2015	12080	67	Boston College	-	Totals	-	-	-	-	43	0.259	0.351	0.369	1,457	217	377	69	8	""	25	199	192	20	11	21	310	38	52	18	 
2015	12080	67	Boston College	-	Opponent Totals	-	-	-	-	43	0.257	0.344	0.388	1,420	218	365	90	9	""	26	200	152	44	13	23	345	34	41	17	 
2015	12080	71	Bowling Green	-	Totals	-	-	-	-	38	0.275	0.348	0.369	1,256	214	346	55	7	""	16	181	126	23	16	49	230	35	48	21	 
2015	12080	71	Bowling Green	-	Opponent Totals	-	-	-	-	38	0.269	0.347	0.388	1,272	213	342	60	11	""	23	191	120	40	13	21	182	25	29	23	 
2015	12080	72	Bradley	-	Totals	-	-	-	-	40	0.268	0.369	0.416	1,268	228	340	74	12	""	30	209	162	57	26	48	312	20	38	20	 
2015	12080	72	Bradley	-	Opponent Totals	-	-	-	-	40	0.245	0.326	0.366	1,288	179	316	67	10	""	23	166	127	36	17	15	290	29	35	10	 
2015	12080	80	Brown	-	Totals	-	-	-	-	39	0.270	0.349	0.401	1,284	185	347	79	7	""	25	168	132	28	10	11	257	31	22	16	 
2015	12080	80	Brown	-	Opponent Totals	-	-	-	-	39	0.320	0.425	0.458	1,295	314	414	79	8	""	28	282	189	64	22	17	219	30	73	16	 
2015	12080	81	Bryant	-	Totals	-	-	-	-	35	0.289	0.379	0.455	1,175	239	340	72	18	""	29	204	143	38	17	12	240	22	39	16	 
2015	12080	81	Bryant	-	Opponent Totals	-	-	-	-	35	0.270	0.366	0.368	1,119	200	302	58	5	""	14	170	145	33	14	20	215	26	47	17	 
2015	12080	83	Bucknell	-	Totals	-	-	-	-	46	0.265	0.350	0.356	1,507	224	400	77	9	""	14	192	163	42	17	14	273	34	30	14	 
2015	12080	83	Bucknell	-	Opponent Totals	-	-	-	-	46	0.261	0.338	0.327	1,503	215	392	56	7	""	10	183	125	60	17	38	291	33	49	12	 
2015	12080	86	Buffalo	-	Totals	-	-	-	-	36	0.246	0.345	0.331	1,195	165	294	45	9	""	13	149	132	57	15	18	331	27	52	15	 
2015	12080	86	Buffalo	-	Opponent Totals	-	-	-	-	36	0.266	0.369	0.384	1,186	233	315	50	18	""	18	204	159	47	19	12	276	19	91	18	 
2015	12080	87	Butler	-	Totals	-	-	-	-	42	0.276	0.355	0.369	1,432	217	395	79	6	""	14	193	146	37	14	35	247	44	38	17	 
2015	12080	87	Butler	-	Opponent Totals	-	-	-	-	42	0.298	0.374	0.407	1,431	236	427	82	5	""	21	214	133	46	12	38	253	32	66	19	 
2015	12080	101	CSUN	-	Totals	-	-	-	-	42	0.267	0.340	0.355	1,353	193	361	55	8	""	16	168	118	40	16	54	285	25	53	20	 
2015	12080	101	CSUN	-	Opponent Totals	-	-	-	-	42	0.231	0.302	0.324	1,362	140	315	57	9	""	17	116	121	19	7	32	335	30	26	19	 
2015	12080	90	Cal Poly	-	Totals	-	-	-	-	40	0.273	0.346	0.386	1,401	213	383	59	18	""	21	191	142	24	18	24	274	21	20	14	 
2015	12080	90	Cal Poly	-	Opponent Totals	-	-	-	-	40	0.275	0.357	0.357	1,351	212	372	50	18	""	8	196	159	23	18	38	293	23	24	23	 
2015	12080	97	Cal St. Fullerton	-	Totals	-	-	-	-	42	0.259	0.360	0.353	1,381	196	358	56	16	""	14	177	163	65	19	44	333	29	40	13	 
2015	12080	97	Cal St. Fullerton	-	Opponent Totals	-	-	-	-	42	0.264	0.311	0.368	1,452	176	383	66	14	""	19	159	74	30	8	25	346	31	19	17	 
2015	12080	107	California	-	Totals	-	-	-	-	38	0.273	0.355	0.411	1,269	220	347	59	7	""	34	193	133	36	16	28	254	25	28	16	 
2015	12080	107	California	-	Opponent Totals	-	-	-	-	38	0.241	0.312	0.305	1,249	142	301	41	3	""	11	127	96	38	12	28	253	39	24	13	 
2015	12080	115	Campbell	-	Totals	-	-	-	-	42	0.297	0.366	0.406	1,387	227	412	61	9	""	24	197	93	70	21	53	217	28	102	24	 
2015	12080	115	Campbell	-	Opponent Totals	-	-	-	-	42	0.264	0.319	0.362	1,476	189	389	70	12	""	17	162	106	19	12	22	294	21	36	16	 
2015	12080	116	Canisius	-	Totals	-	-	-	-	44	0.273	0.378	0.393	1,487	284	406	74	15	""	25	262	203	61	23	21	349	34	58	22	 
2015	12080	116	Canisius	-	Opponent Totals	-	-	-	-	44	0.266	0.360	0.394	1,451	269	386	83	18	""	22	240	170	49	11	23	313	32	68	11	 
2015	12080	1004	Central Ark.	-	Totals	-	-	-	-	38	0.271	0.375	0.387	1,264	211	342	64	10	""	21	196	176	44	14	39	233	30	28	11	 
2015	12080	1004	Central Ark.	-	Opponent Totals	-	-	-	-	38	10.000	12.505	13.047	1,298	175	351	45	8	23	16	159	110	26	7	26	213	35	17	10	 
2015	12080	127	Central Conn. St.	-	Totals	-	-	-	-	36	0.253	0.326	0.332	1,164	140	295	54	5	""	9	133	114	18	14	17	233	34	22	9	 
2015	12080	127	Central Conn. St.	-	Opponent Totals	-	-	-	-	36	0.302	0.365	0.401	1,252	217	378	80	10	""	8	191	104	27	12	22	216	24	52	13	 
2015	12080	129	Central Mich.	-	Totals	-	-	-	-	41	0.274	0.374	0.369	1,440	263	395	67	15	""	13	218	192	55	29	46	306	22	75	17	 
2015	12080	129	Central Mich.	-	Opponent Totals	-	-	-	-	41	0.257	0.340	0.335	1,362	180	350	53	7	""	13	167	135	43	15	41	239	30	37	31	 
2015	12080	48	Charleston So.	-	Totals	-	-	-	-	42	0.283	0.360	0.350	1,472	207	417	62	3	""	10	177	149	40	21	43	273	34	38	16	 
2015	12080	48	Charleston So.	-	Opponent Totals	-	-	-	-	42	0.274	0.363	0.380	1,451	241	397	74	6	""	23	208	161	50	13	47	385	27	65	21	 
2015	12080	458	Charlotte	-	Totals	-	-	-	-	34	0.252	0.326	0.338	1,129	144	284	54	7	""	10	130	109	18	6	25	215	23	15	8	 
2015	12080	458	Charlotte	-	Opponent Totals	-	-	-	-	34	0.303	0.376	0.435	1,194	214	362	61	6	""	28	188	98	49	14	24	208	28	29	10	 
2015	12080	136	Chicago St.	-	Totals	-	-	-	-	42	0.262	0.339	0.362	1,402	195	368	65	7	""	20	175	135	35	15	32	251	29	38	15	 
2015	12080	136	Chicago St.	-	Opponent Totals	-	-	-	-	42	0.310	0.410	0.456	1,396	296	433	81	25	""	24	261	210	44	25	27	234	37	55	22	 
2015	12080	140	Cincinnati	-	Totals	-	-	-	-	43	0.226	0.329	0.334	1,387	176	314	56	6	""	27	161	179	41	16	20	413	26	31	31	 
2015	12080	140	Cincinnati	-	Opponent Totals	-	-	-	-	43	0.281	0.390	0.431	1,451	294	408	87	16	""	33	264	211	61	22	30	226	36	41	25	 
2015	12080	141	Citadel	-	Totals	-	-	-	-	42	0.261	0.356	0.366	1,406	226	367	74	5	""	21	203	173	42	12	19	391	31	31	9	 
2015	12080	141	Citadel	-	Opponent Totals	-	-	-	-	42	0.278	0.348	0.399	1,462	261	406	77	14	""	24	229	130	36	18	34	381	21	63	19	 
2015	12080	147	Clemson	-	Totals	-	-	-	-	44	0.279	0.367	0.399	1,521	266	424	80	11	""	27	234	192	33	22	22	304	51	43	19	 
2015	12080	147	Clemson	-	Opponent Totals	-	-	-	-	44	0.249	0.322	0.356	1,541	202	383	72	5	""	28	185	142	31	15	25	356	27	35	10	 
2015	12080	149	Coastal Caro.	-	Totals	-	-	-	-	43	0.276	0.380	0.433	1,433	306	396	77	3	""	47	271	198	57	23	47	294	33	58	23	 
2015	12080	149	Coastal Caro.	-	Opponent Totals	-	-	-	-	43	0.251	0.327	0.344	1,487	210	373	67	4	""	21	187	147	27	14	29	357	44	35	17	 
2015	12080	1014	Col. of Charleston	-	Totals	-	-	-	-	41	0.317	0.388	0.494	1,444	308	458	98	11	""	45	283	152	30	24	14	243	28	37	15	 
2015	12080	1014	Col. of Charleston	-	Opponent Totals	-	-	-	-	41	0.254	0.320	0.358	1,412	195	359	63	13	""	19	177	106	35	10	13	312	29	39	9	 
2015	12080	158	Columbia	-	Totals	-	-	-	-	40	0.293	0.385	0.445	1,364	262	400	83	8	""	36	236	179	32	10	13	280	27	55	15	 
2015	12080	158	Columbia	-	Opponent Totals	-	-	-	-	40	10.590	14.300	14.867	1,279	192	344	69	6	""	19	164	148	55	15	23	262	33	32	16	 
2015	12080	165	Coppin St.	-	Totals	-	-	-	-	39	0.224	0.342	0.279	1,190	151	267	35	3	""	8	122	177	42	14	15	336	17	18	9	 
2015	12080	165	Coppin St.	-	Opponent Totals	-	-	-	-	39	0.349	0.449	0.504	1,336	392	466	104	17	""	23	339	207	57	27	34	229	14	124	32	 
2015	12080	167	Cornell	-	Totals	-	-	-	-	38	0.250	0.334	0.327	1,186	167	297	65	4	""	6	149	129	24	9	9	243	35	25	7	 
2015	12080	167	Cornell	-	Opponent Totals	-	-	-	-	38	0.299	0.368	0.406	1,212	230	362	65	7	""	17	208	104	33	8	19	252	27	43	17	 
2015	12080	169	Creighton	-	Totals	-	-	-	-	34	0.261	0.346	0.353	1,127	171	294	50	18	""	6	145	124	32	18	26	196	24	43	20	 
2015	12080	169	Creighton	-	Opponent Totals	-	-	-	-	34	7.706	10.481	0.292	1,129	119	259	50	6	""	3	110	121	21	8	19	208	32	32	12	 
2015	12080	1045	Dallas Baptist	-	Totals	-	-	-	-	41	0.298	0.392	0.462	1,445	303	431	91	14	""	39	275	186	49	19	29	283	31	44	14	 
2015	12080	1045	Dallas Baptist	-	Opponent Totals	-	-	-	-	41	0.249	0.341	0.327	1,369	155	341	52	6	""	14	144	150	46	10	29	331	36	23	17	 
2015	12080	172	Dartmouth	-	Totals	-	-	-	-	39	0.250	0.314	0.337	1,217	165	304	58	12	""	8	146	96	24	12	29	217	33	27	6	 
2015	12080	172	Dartmouth	-	Opponent Totals	-	-	-	-	39	0.292	0.353	0.396	1,236	176	361	65	9	""	15	163	93	31	14	22	203	24	52	9	 
2015	12080	173	Davidson	-	Totals	-	-	-	-	37	0.284	0.379	0.398	1,308	231	372	71	7	""	21	210	174	32	13	15	274	28	22	7	 
2015	12080	173	Davidson	-	Opponent Totals	-	-	-	-	37	0.290	0.365	0.393	1,321	224	383	71	10	""	15	190	131	31	11	25	231	33	41	17	 
2015	12080	175	Dayton	-	Totals	-	-	-	-	42	0.238	0.328	0.335	1,397	181	332	69	5	""	19	155	141	54	15	22	343	26	45	24	 
2015	12080	175	Dayton	-	Opponent Totals	-	-	-	-	42	0.288	0.384	0.410	1,463	266	421	88	8	""	25	237	192	49	20	31	289	28	52	30	 
2015	12080	180	Delaware	-	Totals	-	-	-	-	33	0.306	0.384	0.443	1,171	225	358	59	15	""	24	201	134	27	20	14	215	27	39	14	 
2015	12080	180	Delaware	-	Opponent Totals	-	-	-	-	33	0.297	0.384	0.456	1,165	208	346	85	14	""	24	189	131	38	8	8	254	28	27	12	 
2015	12080	178	Delaware St.	-	Totals	-	-	-	-	34	0.276	0.370	0.407	1,113	195	307	48	13	""	24	167	135	40	16	16	275	17	47	21	 
2015	12080	178	Delaware St.	-	Opponent Totals	-	-	-	-	34	0.333	0.430	0.486	1,187	317	395	86	15	""	22	283	179	38	19	23	240	13	51	5	 
2015	12080	193	Duke	-	Totals	-	-	-	-	43	0.248	0.339	0.331	1,409	201	350	69	9	""	10	171	166	36	19	16	362	17	49	17	 
2015	12080	193	Duke	-	Opponent Totals	-	-	-	-	43	0.250	0.333	0.332	1,432	178	358	54	12	""	13	162	157	26	12	27	370	25	41	21	 
2015	12080	196	East Carolina	-	Totals	-	-	-	-	45	0.291	0.370	0.385	1,510	246	440	60	6	""	23	209	154	47	23	36	235	43	35	29	 
2015	12080	196	East Carolina	-	Opponent Totals	-	-	-	-	45	0.255	0.321	0.344	1,510	176	385	57	7	""	21	150	104	47	8	33	309	48	27	23	 
2015	12080	198	East Tenn. St.	-	Totals	-	-	-	-	43	0.285	0.361	0.427	1,462	258	416	82	15	""	32	235	155	31	20	33	251	35	47	19	 
2015	12080	198	East Tenn. St.	-	Opponent Totals	-	-	-	-	43	0.315	0.381	0.519	1,558	315	491	108	12	""	62	292	150	27	19	26	336	35	52	11	 
2015	12080	201	Eastern Ill.	-	Totals	-	-	-	-	38	0.273	0.344	0.379	1,280	204	349	60	5	""	22	188	111	36	14	19	262	32	26	9	 
2015	12080	201	Eastern Ill.	-	Opponent Totals	-	-	-	-	38	0.321	0.411	0.522	1,288	315	413	92	13	""	47	276	176	37	22	23	230	39	44	9	 
2015	12080	202	Eastern Ky.	-	Totals	-	-	-	-	36	0.264	0.357	0.425	1,184	186	313	68	4	""	38	168	143	34	13	14	256	24	46	19	 
2015	12080	202	Eastern Ky.	-	Opponent Totals	-	-	-	-	36	0.314	0.408	0.471	1,234	278	388	76	9	""	33	250	171	34	13	25	224	34	43	19	 
2015	12080	204	Eastern Mich.	-	Totals	-	-	-	-	43	0.264	0.340	0.352	1,422	178	376	59	6	""	18	156	133	34	7	29	284	37	76	33	 
2015	12080	204	Eastern Mich.	-	Opponent Totals	-	-	-	-	43	0.300	0.392	0.443	1,435	261	431	81	24	""	25	228	184	43	15	30	226	38	61	33	 
2015	12080	1068	Elon	-	Totals	-	-	-	-	42	0.283	0.377	0.415	1,469	293	415	72	10	""	34	264	190	43	17	25	337	30	34	15	 
2015	12080	1068	Elon	-	Opponent Totals	-	-	-	-	42	0.297	0.395	0.460	1,521	323	452	101	10	""	42	286	211	46	18	20	314	36	54	13	 
2015	12080	219	Evansville	-	Totals	-	-	-	-	38	0.266	0.369	0.369	1,348	233	358	62	10	""	19	206	174	57	16	12	298	21	35	14	 
2015	12080	219	Evansville	-	Opponent Totals	-	-	-	-	38	0.277	0.354	0.396	1,330	210	368	72	6	""	25	196	135	32	14	27	232	30	36	14	 
2015	12080	28755	FGCU	-	Totals	-	-	-	-	44	0.296	0.382	0.387	1,497	258	443	77	6	""	16	235	179	41	19	57	257	39	40	13	 
2015	12080	28755	FGCU	-	Opponent Totals	-	-	-	-	44	11.736	13.857	16.153	1,560	214	424	61	14	15	24	190	97	29	16	33	347	14	50	9	 
2015	12080	231	FIU	-	Totals	-	-	-	-	43	0.275	0.361	0.382	1,496	263	412	60	6	""	29	233	184	28	21	27	267	34	21	22	 
2015	12080	231	FIU	-	Opponent Totals	-	-	-	-	43	0.259	0.366	0.378	1,450	238	376	76	15	""	22	216	204	50	19	37	324	30	46	18	 
2015	12080	220	Fairfield	-	Totals	-	-	-	-	37	0.244	0.324	0.335	1,222	162	298	51	3	""	18	146	120	29	7	10	298	30	27	16	 
2015	12080	220	Fairfield	-	Opponent Totals	-	-	-	-	37	0.278	0.368	0.421	1,180	216	328	66	14	""	25	193	125	50	13	21	184	30	71	23	 
2015	12080	222	Fairleigh Dickinson	-	Totals	-	-	-	-	32	0.252	0.333	0.349	943	131	238	54	2	""	11	121	88	29	6	30	170	22	21	13	 
2015	12080	222	Fairleigh Dickinson	-	Opponent Totals	-	-	-	-	32	0.290	0.401	0.396	960	197	278	51	6	""	13	176	163	29	19	18	149	26	46	15	 
2015	12080	229	Fla. Atlantic	-	Totals	-	-	-	-	43	0.312	0.408	0.450	1,515	324	472	89	14	""	31	278	231	36	29	33	241	34	39	17	 
2015	12080	229	Fla. Atlantic	-	Opponent Totals	-	-	-	-	43	0.249	0.318	0.344	1,539	188	383	74	2	""	23	164	120	41	12	21	318	26	31	12	 
2015	12080	235	Florida	-	Totals	-	-	-	-	45	0.304	0.383	0.468	1,565	321	476	89	18	""	44	294	168	46	21	14	256	32	59	19	 
2015	12080	235	Florida	-	Opponent Totals	-	-	-	-	45	0.233	0.301	0.347	1,488	168	346	55	7	""	34	155	112	37	7	16	347	35	31	16	 
2015	12080	228	Florida A&M	-	Totals	-	-	-	-	39	0.247	0.348	0.325	1,269	162	314	39	3	""	18	140	175	28	13	30	274	22	38	9	 
2015	12080	228	Florida A&M	-	Opponent Totals	-	-	-	-	39	0.285	0.371	0.392	1,291	223	368	57	6	""	23	195	136	49	16	34	227	26	58	23	 
2015	12080	234	Florida St.	-	Totals	-	-	-	-	46	0.267	0.399	0.418	1,546	333	413	86	5	""	46	297	278	74	17	17	405	33	37	14	 
2015	12080	234	Florida St.	-	Opponent Totals	-	-	-	-	46	0.262	0.338	0.389	1,606	227	420	87	5	""	36	205	157	36	15	28	401	39	27	8	 
2015	12080	236	Fordham	-	Totals	-	-	-	-	42	0.271	0.356	0.367	1,387	205	376	69	11	""	14	182	146	41	6	35	297	21	80	30	 
2015	12080	236	Fordham	-	Opponent Totals	-	-	-	-	42	0.292	0.378	0.390	1,396	243	407	53	8	""	23	223	167	39	20	27	309	38	49	18	 
2015	12080	96	Fresno St.	-	Totals	-	-	-	-	44	0.273	0.352	0.390	1,456	220	398	60	13	""	28	194	142	41	12	41	327	40	28	20	 
2015	12080	96	Fresno St.	-	Opponent Totals	-	-	-	-	44	0.261	0.357	0.398	1,472	224	384	84	14	""	30	203	178	49	12	31	292	36	22	10	 
2015	12080	244	Furman	-	Totals	-	-	-	-	43	0.294	0.356	0.443	1,554	281	457	85	7	""	44	258	132	30	23	14	268	29	30	16	 
2015	12080	244	Furman	-	Opponent Totals	-	-	-	-	43	0.291	0.383	0.436	1,520	306	442	74	12	""	41	271	202	41	25	28	311	28	45	9	 
2015	12080	253	Ga. Southern	-	Totals	-	-	-	-	44	0.269	0.352	0.406	1,485	228	399	70	7	""	40	212	161	38	15	23	400	31	56	17	 
2015	12080	253	Ga. Southern	-	Opponent Totals	-	-	-	-	44	0.247	0.337	0.353	1,492	222	368	82	5	""	22	198	176	35	14	38	304	38	26	16	 
2015	12080	1092	Gardner-Webb	-	Totals	-	-	-	-	44	0.238	0.308	0.332	1,467	182	349	65	5	""	21	160	116	38	10	16	348	28	58	24	 
2015	12080	1092	Gardner-Webb	-	Opponent Totals	-	-	-	-	44	0.276	0.334	0.372	1,501	206	415	73	7	""	19	189	114	23	13	39	352	32	48	26	 
2015	12080	248	George Mason	-	Totals	-	-	-	-	41	0.289	0.372	0.397	1,446	234	418	73	13	""	19	204	150	47	11	31	293	25	47	14	 
2015	12080	248	George Mason	-	Opponent Totals	-	-	-	-	41	0.276	0.357	0.399	1,444	253	398	86	13	""	22	220	142	49	13	33	280	18	59	20	 
2015	12080	249	George Washington	-	Totals	-	-	-	-	38	0.267	0.327	0.350	1,245	178	332	56	9	""	10	153	96	23	15	28	192	26	60	23	 
2015	12080	249	George Washington	-	Opponent Totals	-	-	-	-	38	0.254	0.334	0.349	1,240	143	315	58	6	""	16	130	117	39	13	25	227	25	46	19	 
2015	12080	251	Georgetown	-	Totals	-	-	-	-	40	0.280	0.370	0.377	1,348	219	377	72	4	""	17	190	150	50	10	21	227	29	33	14	 
2015	12080	251	Georgetown	-	Opponent Totals	-	-	-	-	40	0.254	0.341	0.351	1,325	176	337	58	8	""	18	148	154	23	6	18	258	26	37	13	 
2015	12080	257	Georgia	-	Totals	-	-	-	-	43	0.267	0.357	0.390	1,463	231	390	67	10	""	31	205	173	41	14	34	317	35	53	10	 
2015	12080	257	Georgia	-	Opponent Totals	-	-	-	-	43	0.248	0.346	0.354	1,437	210	357	58	9	""	25	193	193	33	22	18	355	32	28	11	 
2015	12080	254	Georgia St.	-	Totals	-	-	-	-	44	0.276	0.362	0.415	1,527	259	421	73	14	""	37	234	167	49	19	28	272	39	33	9	 
2015	12080	254	Georgia St.	-	Opponent Totals	-	-	-	-	44	0.273	0.362	0.363	1,533	227	418	84	5	""	15	207	180	47	21	36	294	40	37	20	 
2015	12080	255	Georgia Tech	-	Totals	-	-	-	-	42	0.276	0.359	0.396	1,447	255	399	80	5	""	28	234	172	25	15	25	310	35	37	12	 
2015	12080	255	Georgia Tech	-	Opponent Totals	-	-	-	-	42	0.267	0.363	0.356	1,405	212	375	62	9	""	15	188	192	30	16	28	286	44	43	27	 
2015	12080	260	Gonzaga	-	Totals	-	-	-	-	41	0.276	0.355	0.370	1,405	207	388	65	11	""	15	189	144	34	12	26	256	45	16	10	 
2015	12080	260	Gonzaga	-	Opponent Totals	-	-	-	-	41	0.261	0.331	0.354	1,346	172	351	65	8	""	15	148	124	23	11	30	283	31	32	26	 
2015	12080	261	Grambling	-	Totals	-	-	-	-	35	0.257	0.347	0.361	1,181	183	304	53	9	""	17	151	128	35	3	23	253	16	80	13	 
2015	12080	261	Grambling	-	Opponent Totals	-	-	-	-	35	0.326	0.423	0.484	1,183	285	386	55	18	""	32	254	150	60	17	18	153	22	46	14	 
2015	12080	1104	Grand Canyon	-	Totals	-	-	-	-	43	0.311	0.378	0.409	1,474	280	458	72	8	""	19	248	147	25	21	27	242	36	35	24	 
2015	12080	1104	Grand Canyon	-	Opponent Totals	-	-	-	-	43	0.280	0.356	0.403	1,418	233	397	62	19	""	25	211	132	40	10	25	288	40	20	19	 
2015	12080	272	Hartford	-	Totals	-	-	-	-	39	0.251	0.328	0.341	1,273	156	320	66	9	""	10	140	117	36	14	16	230	33	32	20	 
2015	12080	272	Hartford	-	Opponent Totals	-	-	-	-	39	0.254	0.339	0.357	1,273	204	323	69	7	""	16	174	130	42	14	27	218	31	56	21	 
2015	12080	275	Harvard	-	Totals	-	-	-	-	40	0.301	0.378	0.399	1,326	229	399	75	5	""	15	203	128	50	21	14	211	40	52	18	 
2015	12080	275	Harvard	-	Opponent Totals	-	-	-	-	40	0.278	0.353	0.389	1,297	229	360	63	11	""	20	196	117	39	10	19	251	25	41	14	 
2015	12080	277	Hawaii	-	Totals	-	-	-	-	41	0.246	0.334	0.309	1,309	171	322	45	7	""	8	152	140	42	19	41	251	35	20	3	 
2015	12080	277	Hawaii	-	Opponent Totals	-	-	-	-	41	0.272	0.353	0.359	1,368	196	372	67	11	""	10	170	141	36	10	37	276	33	58	21	 
2015	12080	19651	High Point	-	Totals	-	-	-	-	42	0.278	0.355	0.381	1,448	261	403	68	10	""	20	214	142	44	24	20	268	36	54	20	 
2015	12080	19651	High Point	-	Opponent Totals	-	-	-	-	42	0.253	0.335	0.359	1,383	181	350	55	10	""	24	165	141	38	16	19	309	38	24	15	 
2015	12080	283	Hofstra	-	Totals	-	-	-	-	40	0.268	0.348	0.373	1,342	202	360	67	8	""	19	181	131	41	15	18	285	25	69	37	 
2015	12080	283	Hofstra	-	Opponent Totals	-	-	-	-	40	0.306	0.405	0.460	1,371	292	420	89	17	""	29	268	181	57	16	24	221	43	41	17	 
2015	12080	285	Holy Cross	-	Totals	-	-	-	-	45	0.266	0.350	0.353	1,438	218	383	76	3	""	14	198	156	43	25	34	310	31	41	29	 
2015	12080	285	Holy Cross	-	Opponent Totals	-	-	-	-	45	0.258	0.334	0.342	1,441	220	372	63	8	""	14	192	129	43	17	24	277	23	57	15	 
2015	12080	288	Houston	-	Totals	-	-	-	-	44	0.267	0.371	0.398	1,448	260	386	57	17	""	33	236	207	47	25	37	280	34	58	18	 
2015	12080	288	Houston	-	Opponent Totals	-	-	-	-	44	0.262	0.322	0.363	1,506	196	395	72	4	""	24	167	104	36	15	30	323	39	34	19	 
2015	12080	287	Houston Baptist	-	Totals	-	-	-	-	41	0.287	0.358	0.379	1,368	183	393	61	10	""	15	165	125	33	15	33	201	33	25	12	 
2015	12080	287	Houston Baptist	-	Opponent Totals	-	-	-	-	41	0.263	0.323	0.349	1,334	155	351	54	5	""	17	142	85	43	20	36	226	27	29	10	 
2015	12080	308	IPFW	-	Totals	-	-	-	-	40	0.290	0.385	0.422	1,338	278	388	67	11	""	29	254	174	46	20	11	338	32	24	6	 
2015	12080	308	IPFW	-	Opponent Totals	-	-	-	-	40	0.277	0.382	0.373	1,320	250	366	71	4	""	16	218	189	45	18	28	300	22	52	12	 
2015	12080	302	Ill.-Chicago	-	Totals	-	-	-	-	38	0.294	0.392	0.376	1,304	229	383	59	6	""	12	206	170	48	13	32	226	28	35	9	 
2015	12080	302	Ill.-Chicago	-	Opponent Totals	-	-	-	-	38	0.279	0.366	0.360	1,269	179	354	58	9	""	9	154	152	31	14	25	211	36	43	16	 
2015	12080	301	Illinois	-	Totals	-	-	-	-	43	0.289	0.372	0.424	1,515	275	438	74	10	""	37	251	177	32	15	19	228	41	52	18	 
2015	12080	301	Illinois	-	Opponent Totals	-	-	-	-	43	0.238	0.288	0.305	1,470	124	350	64	1	""	11	116	83	24	9	26	338	42	23	15	 
2015	12080	299	Illinois St.	-	Totals	-	-	-	-	41	0.286	0.392	0.425	1,439	276	411	70	7	""	39	246	223	39	14	14	323	47	24	7	 
2015	12080	299	Illinois St.	-	Opponent Totals	-	-	-	-	41	0.279	0.375	0.402	1,421	255	396	79	9	""	26	232	178	49	12	27	293	23	56	11	 
2015	12080	2743	Incarnate Word	-	Totals	-	-	-	-	41	0.243	0.321	0.327	1,377	158	334	60	10	""	12	139	127	38	12	21	310	32	21	14	 
2015	12080	2743	Incarnate Word	-	Opponent Totals	-	-	-	-	41	0.306	0.386	0.431	1,416	251	434	72	18	""	23	230	152	41	16	27	234	30	60	19	 
2015	12080	306	Indiana	-	Totals	-	-	-	-	40	0.270	0.338	0.383	1,383	200	374	64	13	""	22	180	115	31	11	23	267	34	36	11	 
2015	12080	306	Indiana	-	Opponent Totals	-	-	-	-	40	0.250	0.317	0.354	1,386	165	346	63	11	""	20	151	91	48	7	31	333	23	41	17	 
2015	12080	305	Indiana St.	-	Totals	-	-	-	-	38	0.273	0.362	0.387	1,252	203	342	55	15	""	19	193	144	39	14	20	275	34	40	15	 
2015	12080	305	Indiana St.	-	Opponent Totals	-	-	-	-	38	0.262	0.361	0.371	1,206	192	316	57	6	""	21	172	168	28	15	35	277	27	41	18	 
2015	12080	310	Iona	-	Totals	-	-	-	-	41	0.219	0.305	0.288	1,260	143	276	51	12	""	4	126	118	40	6	20	313	22	44	21	 
2015	12080	310	Iona	-	Opponent Totals	-	-	-	-	41	0.289	0.377	0.405	1,288	248	372	78	22	""	9	225	149	48	25	33	291	21	65	23	 
2015	12080	312	Iowa	-	Totals	-	-	-	-	41	0.278	0.366	0.368	1,382	203	384	65	13	""	11	181	152	50	18	28	234	48	56	17	 
2015	12080	312	Iowa	-	Opponent Totals	-	-	-	-	41	0.222	0.321	0.307	1,334	134	296	61	4	""	15	121	155	46	15	26	268	30	15	11	 
2015	12080	314	Jackson St.	-	Totals	-	-	-	-	45	0.312	0.414	0.456	1,548	375	483	101	16	""	30	325	221	64	22	33	289	20	86	17	 
2015	12080	314	Jackson St.	-	Opponent Totals	-	-	-	-	45	0.306	0.407	0.431	1,526	320	467	76	9	""	32	279	201	74	22	27	308	43	58	23	 
2015	12080	316	Jacksonville	-	Totals	-	-	-	-	42	0.297	0.381	0.401	1,425	269	423	78	8	""	18	237	178	32	27	36	257	29	62	19	 
2015	12080	316	Jacksonville	-	Opponent Totals	-	-	-	-	42	0.283	0.368	0.396	1,451	251	410	68	3	""	30	228	164	42	19	24	280	19	49	12	 
2015	12080	315	Jacksonville St.	-	Totals	-	-	-	-	43	0.288	0.393	0.418	1,492	294	430	86	9	""	30	266	235	36	22	15	328	36	58	11	 
2015	12080	315	Jacksonville St.	-	Opponent Totals	-	-	-	-	43	0.268	0.345	0.396	1,475	243	396	82	8	""	30	224	143	40	20	25	318	32	51	19	 
2015	12080	317	James Madison	-	Totals	-	-	-	-	40	0.264	0.353	0.403	1,351	238	356	62	23	""	27	217	157	34	7	21	285	29	52	15	 
2015	12080	317	James Madison	-	Opponent Totals	-	-	-	-	40	0.297	0.399	0.413	1,419	302	422	75	4	""	27	273	190	63	18	25	275	36	56	9	 
2015	12080	328	Kansas	-	Totals	-	-	-	-	44	0.280	0.373	0.398	1,510	235	423	80	10	""	26	214	189	47	19	28	271	49	20	16	 
2015	12080	328	Kansas	-	Opponent Totals	-	-	-	-	44	0.304	0.389	0.434	1,524	273	464	84	6	""	34	254	176	49	20	44	268	39	43	17	 
2015	12080	327	Kansas St.	-	Totals	-	-	-	-	39	0.256	0.348	0.328	1,264	194	323	47	15	""	5	173	144	42	14	36	231	32	50	20	 
2015	12080	327	Kansas St.	-	Opponent Totals	-	-	-	-	39	0.273	0.346	0.380	1,316	186	359	64	13	""	17	167	126	26	11	32	210	27	37	18	 
2015	12080	1157	Kennesaw St.	-	Totals	-	-	-	-	44	0.280	0.372	0.408	1,505	258	421	77	4	""	36	234	204	27	19	36	305	26	54	15	 
2015	12080	1157	Kennesaw St.	-	Opponent Totals	-	-	-	-	44	0.263	0.363	0.375	1,499	232	394	68	2	""	32	208	189	55	16	21	376	42	79	12	 
2015	12080	331	Kent St.	-	Totals	-	-	-	-	40	0.277	0.362	0.404	1,389	214	385	79	11	""	25	192	151	42	15	13	278	43	45	17	 
2015	12080	331	Kent St.	-	Opponent Totals	-	-	-	-	40	0.234	0.320	0.319	1,350	176	316	60	5	""	15	150	138	40	16	17	357	19	73	19	 
2015	12080	334	Kentucky	-	Totals	-	-	-	-	42	0.298	0.384	0.404	1,467	239	437	74	9	""	21	216	146	70	18	16	276	48	46	14	 
2015	12080	334	Kentucky	-	Opponent Totals	-	-	-	-	42	0.263	0.333	0.396	1,439	220	378	59	11	""	37	198	130	30	16	24	298	42	39	12	 
2015	12080	361	LIU Brooklyn	-	Totals	-	-	-	-	37	0.254	0.329	0.332	1,186	143	301	44	8	""	11	130	105	31	7	16	254	29	54	24	 
2015	12080	361	LIU Brooklyn	-	Opponent Totals	-	-	-	-	37	0.292	0.405	0.423	1,214	238	354	75	12	""	20	215	190	54	17	21	205	27	48	15	 
2015	12080	365	LSU	-	Totals	-	-	-	-	44	0.320	0.384	0.476	1,623	311	520	98	20	""	38	285	154	28	22	22	220	40	78	20	 
2015	12080	365	LSU	-	Opponent Totals	-	-	-	-	44	0.235	0.317	0.319	1,554	157	365	52	12	""	18	144	152	39	8	19	370	36	33	21	 
2015	12080	340	La Salle	-	Totals	-	-	-	-	41	0.301	0.380	0.455	1,500	298	451	102	12	""	35	277	153	48	13	16	360	29	23	13	 
2015	12080	340	La Salle	-	Opponent Totals	-	-	-	-	41	0.267	0.356	0.417	1,414	256	377	77	12	""	37	223	165	40	14	17	280	20	40	11	 
2015	12080	671	La.-Lafayette	-	Totals	-	-	-	-	43	0.282	0.371	0.424	1,470	265	415	80	10	""	36	234	171	47	16	45	271	36	58	28	 
2015	12080	671	La.-Lafayette	-	Opponent Totals	-	-	-	-	43	0.241	0.312	0.358	1,450	174	349	58	11	""	30	158	118	37	12	27	319	34	35	20	 
2015	12080	498	La.-Monroe	-	Totals	-	-	-	-	44	0.270	0.341	0.398	1,469	219	396	91	13	""	24	189	141	30	23	34	296	21	46	22	 
2015	12080	498	La.-Monroe	-	Opponent Totals	-	-	-	-	44	0.246	0.336	0.338	1,425	205	350	49	7	""	23	177	154	46	12	36	261	39	51	24	 
2015	12080	342	Lafayette	-	Totals	-	-	-	-	34	0.254	0.321	0.363	1,075	131	273	55	7	""	16	118	85	25	8	37	239	23	27	19	 
2015	12080	342	Lafayette	-	Opponent Totals	-	-	-	-	34	0.278	0.345	0.407	1,105	176	307	65	12	""	18	164	89	31	11	20	227	17	36	15	 
2015	12080	346	Lamar	-	Totals	-	-	-	-	43	0.295	0.353	0.394	1,471	220	434	73	11	""	17	188	119	21	13	32	267	46	28	16	 
2015	12080	346	Lamar	-	Opponent Totals	-	-	-	-	43	0.274	0.355	0.359	1,417	193	388	61	12	""	12	168	145	39	9	30	281	42	44	14	 
2015	12080	352	Lehigh	-	Totals	-	-	-	-	43	0.250	0.336	0.369	1,394	211	349	70	10	""	25	188	131	55	11	29	331	21	63	20	 
2015	12080	352	Lehigh	-	Opponent Totals	-	-	-	-	43	0.256	0.360	0.350	1,379	250	353	68	17	""	9	217	171	66	21	32	276	28	65	22	 
2015	12080	355	Liberty	-	Totals	-	-	-	-	44	0.266	0.355	0.390	1,506	235	400	70	17	""	28	203	166	47	8	23	366	34	60	24	 
2015	12080	355	Liberty	-	Opponent Totals	-	-	-	-	44	0.237	0.324	0.324	1,431	172	339	53	9	""	18	160	160	33	19	32	318	39	47	12	 
2015	12080	28600	Lipscomb	-	Totals	-	-	-	-	41	0.281	0.370	0.412	1,343	240	377	75	13	""	25	224	162	38	18	36	257	33	67	23	 
2015	12080	28600	Lipscomb	-	Opponent Totals	-	-	-	-	41	0.262	0.340	0.372	1,354	199	355	57	10	""	24	179	131	39	19	34	282	32	31	17	 
2015	12080	99	Long Beach St.	-	Totals	-	-	-	-	39	0.245	0.318	0.322	1,288	156	315	57	11	""	7	130	121	23	12	42	294	19	44	19	 
2015	12080	99	Long Beach St.	-	Opponent Totals	-	-	-	-	39	0.214	0.298	0.294	1,287	140	276	55	10	""	9	123	111	45	7	18	345	26	23	16	 
2015	12080	363	Longwood	-	Totals	-	-	-	-	42	0.275	0.349	0.367	1,445	228	398	56	10	""	19	198	139	31	12	31	342	29	71	22	 
2015	12080	363	Longwood	-	Opponent Totals	-	-	-	-	42	0.278	0.372	0.369	1,429	269	397	46	5	""	25	238	171	56	20	29	349	18	59	19	 
2015	12080	366	Louisiana Tech	-	Totals	-	-	-	-	41	0.260	0.365	0.347	1,333	232	346	46	5	""	20	195	158	74	18	39	232	38	47	19	 
2015	12080	366	Louisiana Tech	-	Opponent Totals	-	-	-	-	41	0.275	0.351	0.381	1,412	219	388	66	6	""	24	200	148	24	12	24	271	26	35	27	 
2015	12080	367	Louisville	-	Totals	-	-	-	-	42	0.281	0.375	0.390	1,434	241	403	77	11	""	19	215	185	40	15	28	263	29	91	24	 
2015	12080	367	Louisville	-	Opponent Totals	-	-	-	-	42	8.406	11.935	10.741	1,388	136	280	46	4	""	8	113	146	26	5	26	405	20	23	17	 
2015	12080	370	Loyola Marymount	-	Totals	-	-	-	-	44	0.270	0.364	0.386	1,447	217	391	82	5	""	25	198	150	72	13	47	299	30	51	31	 
2015	12080	370	Loyola Marymount	-	Opponent Totals	-	-	-	-	44	0.251	0.332	0.337	1,465	178	367	70	6	""	15	160	158	29	15	33	340	30	30	10	 
2015	12080	380	Maine	-	Totals	-	-	-	-	37	0.272	0.349	0.345	1,271	179	346	63	3	""	8	159	144	21	27	19	216	37	28	13	 
2015	12080	380	Maine	-	Opponent Totals	-	-	-	-	37	0.298	0.364	0.402	1,297	213	386	84	17	""	6	193	125	20	18	25	246	22	58	17	 
2015	12080	381	Manhattan	-	Totals	-	-	-	-	40	0.226	0.305	0.313	1,241	148	280	61	10	""	9	130	104	44	12	29	279	20	48	19	 
2015	12080	381	Manhattan	-	Opponent Totals	-	-	-	-	40	0.304	0.383	0.401	1,321	247	402	72	16	""	8	215	144	34	14	29	205	27	54	29	 
2015	12080	386	Marist	-	Totals	-	-	-	-	34	0.270	0.363	0.373	1,130	165	305	62	14	""	9	150	128	41	8	35	228	33	34	18	 
2015	12080	386	Marist	-	Opponent Totals	-	-	-	-	34	0.285	0.368	0.380	1,132	191	323	65	12	""	6	171	115	41	14	32	200	25	27	14	 
2015	12080	388	Marshall	-	Totals	-	-	-	-	42	0.265	0.333	0.361	1,443	192	383	69	6	""	19	178	121	33	14	27	294	26	37	20	 
2015	12080	388	Marshall	-	Opponent Totals	-	-	-	-	42	0.261	0.362	0.363	1,395	227	364	74	4	""	20	201	182	51	19	28	285	25	26	19	 
2015	12080	392	Maryland	-	Totals	-	-	-	-	43	0.270	0.375	0.416	1,443	282	389	82	11	""	36	253	190	62	14	24	289	25	47	14	 
2015	12080	392	Maryland	-	Opponent Totals	-	-	-	-	43	0.228	0.306	0.325	1,435	177	327	70	3	""	21	153	138	28	12	20	370	24	26	7	 
2015	12080	400	Massachusetts	-	Totals	-	-	-	-	31	0.240	0.314	0.299	1,008	117	242	38	3	""	5	101	82	30	7	31	252	13	24	14	 
2015	12080	400	Massachusetts	-	Opponent Totals	-	-	-	-	31	0.308	0.398	0.445	1,040	205	320	64	5	""	23	181	129	37	16	23	187	26	45	13	 
2015	12080	402	McNeese St.	-	Totals	-	-	-	-	44	0.277	0.341	0.379	1,514	191	419	69	4	""	26	176	113	42	15	40	276	33	43	25	 
2015	12080	402	McNeese St.	-	Opponent Totals	-	-	-	-	44	0.253	0.326	0.344	1,503	196	380	59	12	""	18	178	141	32	18	39	363	33	42	23	 
2015	12080	404	Memphis	-	Totals	-	-	-	-	42	0.279	0.340	0.398	1,446	241	404	62	10	""	30	205	106	33	11	36	234	32	61	21	 
2015	12080	404	Memphis	-	Opponent Totals	-	-	-	-	42	0.241	0.306	0.346	1,400	154	337	67	7	""	22	137	106	32	14	23	261	35	27	24	 
2015	12080	406	Mercer	-	Totals	-	-	-	-	44	0.272	0.374	0.444	1,465	285	399	91	7	""	49	257	187	57	11	56	332	27	23	14	 
2015	12080	406	Mercer	-	Opponent Totals	-	-	-	-	44	0.277	0.337	0.393	1,523	231	422	55	5	""	37	214	122	22	13	26	311	30	50	19	 
2015	12080	415	Miami (FL)	-	Totals	-	-	-	-	44	0.300	0.404	0.437	1,538	313	462	76	16	""	34	266	224	54	15	41	315	34	58	10	 
2015	12080	415	Miami (FL)	-	Opponent Totals	-	-	-	-	44	0.247	0.326	0.333	1,499	184	371	63	7	""	17	153	146	36	13	30	327	34	31	17	 
2015	12080	414	Miami (OH)	-	Totals	-	-	-	-	40	0.251	0.328	0.366	1,355	175	340	66	15	""	20	158	131	33	17	29	332	27	31	23	 
2015	12080	414	Miami (OH)	-	Opponent Totals	-	-	-	-	40	0.282	0.375	0.421	1,357	274	382	76	13	""	29	243	159	59	24	39	266	23	68	18	 
2015	12080	418	Michigan	-	Totals	-	-	-	-	44	0.301	0.386	0.420	1,507	265	454	94	14	""	19	241	169	47	15	25	247	32	36	17	 
2015	12080	418	Michigan	-	Opponent Totals	-	-	-	-	44	0.238	0.341	0.336	1,394	181	332	67	9	""	17	152	181	42	11	27	350	34	27	16	 
2015	12080	416	Michigan St.	-	Totals	-	-	-	-	42	0.286	0.363	0.411	1,414	228	404	72	9	""	29	214	140	45	22	20	212	37	47	18	 
2015	12080	416	Michigan St.	-	Opponent Totals	-	-	-	-	42	0.251	0.331	0.331	1,361	184	341	61	5	""	13	166	147	26	19	30	303	22	33	10	 
2015	12080	419	Middle Tenn.	-	Totals	-	-	-	-	43	0.266	0.341	0.384	1,458	218	388	68	10	""	28	190	139	35	18	26	337	41	39	15	 
2015	12080	419	Middle Tenn.	-	Opponent Totals	-	-	-	-	43	0.273	0.380	0.363	1,431	229	391	64	5	""	18	199	195	57	10	33	285	43	50	22	 
2015	12080	797	Milwaukee	-	Totals	-	-	-	-	39	0.285	0.373	0.421	1,367	253	390	87	19	""	20	229	148	53	16	21	236	31	68	16	 
2015	12080	797	Milwaukee	-	Opponent Totals	-	-	-	-	39	0.263	0.354	0.347	1,332	186	350	47	4	""	19	164	164	30	12	25	290	35	30	19	 
2015	12080	428	Minnesota	-	Totals	-	-	-	-	39	0.262	0.335	0.376	1,343	201	352	64	10	""	23	193	122	32	14	12	284	29	54	15	 
2015	12080	428	Minnesota	-	Opponent Totals	-	-	-	-	39	0.275	0.369	0.433	1,344	249	369	78	15	""	35	224	159	47	10	27	242	29	37	9	 
2015	12080	430	Mississippi St.	-	Totals	-	-	-	-	41	0.273	0.384	0.371	1,330	230	363	65	6	""	18	193	204	45	15	37	228	45	36	11	 
2015	12080	430	Mississippi St.	-	Opponent Totals	-	-	-	-	41	0.259	0.342	0.367	1,375	187	356	48	7	""	29	170	133	46	12	20	306	47	21	18	 
2015	12080	432	Mississippi Val.	-	Totals	-	-	-	-	38	0.268	0.357	0.350	1,262	177	338	53	9	""	11	151	135	46	9	13	329	18	83	14	 
2015	12080	432	Mississippi Val.	-	Opponent Totals	-	-	-	-	38	0.350	0.447	0.526	1,364	368	478	95	15	""	38	325	196	52	11	15	217	15	59	19	 
2015	12080	434	Missouri	-	Totals	-	-	-	-	44	0.257	0.338	0.378	1,415	204	363	65	13	""	27	180	153	30	17	21	320	33	59	23	 
2015	12080	434	Missouri	-	Opponent Totals	-	-	-	-	44	0.235	0.309	0.342	1,449	165	340	42	13	""	29	150	111	47	6	26	339	30	52	10	 
2015	12080	669	Missouri St.	-	Totals	-	-	-	-	40	0.289	0.390	0.414	1,386	252	400	71	8	""	29	232	202	38	16	34	236	24	30	20	 
2015	12080	669	Missouri St.	-	Opponent Totals	-	-	-	-	40	0.234	0.327	0.323	1,332	143	312	60	8	""	14	123	153	36	11	17	349	29	30	11	 
2015	12080	439	Monmouth	-	Totals	-	-	-	-	32	0.237	0.324	0.304	1,041	123	247	35	2	""	10	114	109	28	8	28	216	29	22	9	 
2015	12080	439	Monmouth	-	Opponent Totals	-	-	-	-	33	0.301	0.375	0.417	1,102	195	332	56	10	""	17	179	105	35	16	27	192	27	39	16	 
2015	12080	444	Morehead St.	-	Totals	-	-	-	-	42	0.325	0.415	0.497	1,519	336	493	112	12	""	42	308	191	61	25	16	263	36	26	9	 
2015	12080	444	Morehead St.	-	Opponent Totals	-	-	-	-	42	12.222	15.842	20.195	1,457	286	430	103	9	""	54	264	191	30	15	19	329	41	59	17	 
2015	12080	450	Mt. St. Mary's	-	Totals	-	-	-	-	34	0.249	0.329	0.319	1,046	128	260	44	3	""	8	119	103	27	11	15	230	30	22	13	 
2015	12080	450	Mt. St. Mary's	-	Opponent Totals	-	-	-	-	34	0.311	0.403	0.414	1,111	233	345	73	3	""	12	211	151	32	17	25	190	22	40	24	 
2015	12080	454	Murray St.	-	Totals	-	-	-	-	45	0.245	0.341	0.367	1,482	233	363	70	12	""	29	205	170	54	14	25	346	31	46	21	 
2015	12080	454	Murray St.	-	Opponent Totals	-	-	-	-	45	0.321	0.406	0.486	1,591	349	510	95	15	""	46	306	184	58	19	30	297	33	43	16	 
2015	12080	488	N.C. A&T	-	Totals	-	-	-	-	41	0.262	0.335	0.363	1,368	195	359	64	10	""	18	167	118	35	7	21	319	30	31	11	 
2015	12080	488	N.C. A&T	-	Opponent Totals	-	-	-	-	41	0.328	0.420	0.493	1,379	345	452	105	15	""	31	305	187	53	30	36	198	39	79	21	 
2015	12080	489	N.C. Central	-	Totals	-	-	-	-	44	0.250	0.338	0.359	1,378	210	345	62	5	""	26	186	149	38	11	46	306	28	47	16	 
2015	12080	489	N.C. Central	-	Opponent Totals	-	-	-	-	44	0.276	0.357	0.381	1,426	215	393	81	8	""	18	189	149	40	15	35	238	27	45	13	 
2015	12080	471	NJIT	-	Totals	-	-	-	-	36	0.285	0.372	0.382	1,170	210	334	50	6	""	17	179	145	22	11	23	199	31	38	11	 
2015	12080	471	NJIT	-	Opponent Totals	-	-	-	-	36	0.289	0.342	0.377	1,182	177	342	44	6	""	16	152	78	24	15	19	203	16	60	17	 
2015	12080	477	NYIT	-	Totals	-	-	-	-	30	0.235	0.321	0.317	912	110	214	38	2	""	11	98	101	20	10	13	255	14	36	12	 
2015	12080	477	NYIT	-	Opponent Totals	-	-	-	-	30	0.314	0.424	0.409	950	211	298	51	8	""	8	181	159	32	11	16	175	18	67	23	 
2015	12080	726	Navy	-	Totals	-	-	-	-	49	0.281	0.364	0.373	1,610	263	452	71	27	""	8	234	180	40	16	42	316	36	40	17	 
2015	12080	726	Navy	-	Opponent Totals	-	-	-	-	49	0.231	0.302	0.309	1,569	166	363	57	10	""	15	145	124	42	16	26	407	26	22	20	 
2015	12080	463	Nebraska	-	Totals	-	-	-	-	46	0.271	0.342	0.370	1,547	215	420	79	13	""	16	191	152	23	16	44	257	28	33	15	 
2015	12080	463	Nebraska	-	Opponent Totals	-	-	-	-	46	0.248	0.306	0.333	1,544	145	383	65	9	""	16	131	113	24	17	31	303	41	22	13	 
2015	12080	466	Nevada	-	Totals	-	-	-	-	44	0.312	0.415	0.492	1,552	360	485	120	15	""	43	336	219	70	22	43	287	23	34	20	 
2015	12080	466	Nevada	-	Opponent Totals	-	-	-	-	44	0.262	0.345	0.384	1,502	199	394	80	8	""	29	183	159	40	16	19	322	49	29	9	 
2015	12080	473	New Mexico	-	Totals	-	-	-	-	43	0.300	0.394	0.433	1,498	284	449	97	17	""	23	262	212	32	16	31	262	35	30	13	 
2015	12080	473	New Mexico	-	Opponent Totals	-	-	-	-	43	0.274	0.349	0.393	1,442	217	395	66	12	""	27	206	146	29	17	25	242	46	40	19	 
2015	12080	472	New Mexico St.	-	Totals	-	-	-	-	38	0.245	0.327	0.333	1,280	155	314	49	3	""	19	137	126	36	13	28	314	53	14	5	 
2015	12080	472	New Mexico St.	-	Opponent Totals	-	-	-	-	38	0.337	0.435	0.475	1,364	326	459	90	12	""	25	288	214	38	19	35	229	31	62	17	 
2015	12080	474	New Orleans	-	Totals	-	-	-	-	42	0.263	0.321	0.315	1,418	163	373	42	5	""	7	145	92	35	11	30	253	49	26	15	 
2015	12080	474	New Orleans	-	Opponent Totals	-	-	-	-	42	0.295	0.379	0.392	1,455	247	429	69	9	""	18	219	168	42	23	37	256	28	59	15	 
2015	12080	482	Niagara	-	Totals	-	-	-	-	34	0.258	0.362	0.352	1,046	163	270	60	4	""	10	141	136	43	16	23	256	23	59	26	 
2015	12080	482	Niagara	-	Opponent Totals	-	-	-	-	34	0.293	0.399	0.422	1,114	229	326	67	13	""	17	204	152	53	13	18	186	20	45	16	 
2015	12080	483	Nicholls St.	-	Totals	-	-	-	-	41	0.251	0.321	0.332	1,324	153	332	48	16	""	9	135	113	29	11	32	283	27	42	25	 
2015	12080	483	Nicholls St.	-	Opponent Totals	-	-	-	-	41	0.241	0.327	0.291	1,340	140	323	43	3	""	6	125	134	40	8	33	302	38	26	20	 
2015	12080	485	Norfolk St.	-	Totals	-	-	-	-	32	0.280	0.376	0.375	1,026	207	287	57	10	""	7	176	139	27	12	31	206	20	53	19	 
2015	12080	485	Norfolk St.	-	Opponent Totals	-	-	-	-	32	0.235	0.342	0.318	986	162	232	41	4	""	11	134	130	34	8	16	266	9	38	12	 
2015	12080	457	North Carolina	-	Totals	-	-	-	-	41	0.271	0.379	0.385	1,358	233	368	66	10	""	23	211	211	40	23	39	264	32	57	18	 
2015	12080	457	North Carolina	-	Opponent Totals	-	-	-	-	41	0.247	0.332	0.332	1,386	192	343	65	2	""	16	164	150	32	14	29	351	25	39	17	 
2015	12080	490	North Carolina St.	-	Totals	-	-	-	-	41	0.277	0.360	0.419	1,436	240	398	84	9	""	34	221	158	37	15	21	286	32	25	14	 
2015	12080	490	North Carolina St.	-	Opponent Totals	-	-	-	-	41	0.217	0.338	0.304	1,339	169	291	46	8	""	18	140	200	48	8	32	375	38	26	14	 
2015	12080	494	North Dakota	-	Totals	-	-	-	-	35	0.282	0.361	0.386	1,121	163	316	48	6	""	19	147	114	33	13	22	287	37	24	10	 
2015	12080	494	North Dakota	-	Opponent Totals	-	-	-	-	35	0.309	0.391	0.444	1,173	247	362	71	14	""	20	211	123	48	20	30	193	16	28	13	 
2015	12080	493	North Dakota St.	-	Totals	-	-	-	-	37	0.256	0.345	0.349	1,244	186	318	54	4	""	18	166	147	30	15	27	265	23	28	17	 
2015	12080	493	North Dakota St.	-	Opponent Totals	-	-	-	-	37	0.296	0.381	0.402	1,255	252	371	57	5	""	22	220	152	29	14	26	279	36	53	16	 
2015	12080	2711	North Florida	-	Totals	-	-	-	-	44	0.310	0.382	0.463	1,554	344	481	78	14	""	44	311	160	39	25	26	190	42	39	11	 
2015	12080	2711	North Florida	-	Opponent Totals	-	-	-	-	44	0.280	0.349	0.380	1,489	201	417	58	11	""	23	177	146	23	19	24	286	44	41	11	 
2015	12080	500	Northeastern	-	Totals	-	-	-	-	41	0.252	0.339	0.352	1,365	180	344	55	9	""	21	153	147	39	12	17	316	37	22	14	 
2015	12080	500	Northeastern	-	Opponent Totals	-	-	-	-	41	0.286	0.370	0.422	1,371	244	392	68	13	""	31	216	157	36	18	28	326	33	40	18	 
2015	12080	502	Northern Colo.	-	Totals	-	-	-	-	37	0.285	0.371	0.390	1,241	199	354	60	8	""	18	179	142	32	10	26	253	29	45	25	 
2015	12080	502	Northern Colo.	-	Opponent Totals	-	-	-	-	37	0.314	0.393	0.460	1,291	289	405	74	20	""	25	262	158	27	24	25	201	33	40	21	 
2015	12080	503	Northern Ill.	-	Totals	-	-	-	-	40	0.257	0.348	0.340	1,369	197	352	64	8	""	11	164	155	46	17	10	289	30	48	25	 
2015	12080	503	Northern Ill.	-	Opponent Totals	-	-	-	-	40	10.976	14.518	16.277	1,352	259	382	90	11	""	25	235	163	41	20	23	225	40	56	13	 
2015	12080	505	Northern Ky.	-	Totals	-	-	-	-	40	0.279	0.352	0.393	1,394	202	389	84	3	""	23	181	127	36	11	28	272	38	42	15	 
2015	12080	505	Northern Ky.	-	Opponent Totals	-	-	-	-	40	0.306	0.393	0.423	1,376	265	421	80	9	""	21	239	167	46	26	19	220	44	62	11	 
2015	12080	509	Northwestern	-	Totals	-	-	-	-	42	0.274	0.326	0.370	1,552	187	425	93	4	""	16	161	98	25	8	16	284	41	17	13	 
2015	12080	509	Northwestern	-	Opponent Totals	-	-	-	-	42	0.307	0.390	0.410	1,503	278	461	85	11	""	16	252	175	42	20	29	259	43	67	19	 
2015	12080	508	Northwestern St.	-	Totals	-	-	-	-	42	0.261	0.340	0.359	1,420	200	371	67	9	""	18	185	124	52	15	42	255	29	36	15	 
2015	12080	508	Northwestern St.	-	Opponent Totals	-	-	-	-	42	0.271	0.323	0.360	1,415	175	384	65	8	""	15	159	91	26	19	35	233	34	38	23	 
2015	12080	513	Notre Dame	-	Totals	-	-	-	-	43	0.251	0.343	0.366	1,475	229	370	78	13	""	22	204	174	40	14	29	321	28	52	12	 
2015	12080	513	Notre Dame	-	Opponent Totals	-	-	-	-	43	0.246	0.319	0.336	1,477	146	364	66	8	""	17	137	130	34	13	23	270	54	21	14	 
2015	12080	514	Oakland	-	Totals	-	-	-	-	35	0.268	0.337	0.346	1,227	145	329	67	4	""	7	129	103	32	14	18	252	27	26	19	 
2015	12080	514	Oakland	-	Opponent Totals	-	-	-	-	35	0.334	0.437	0.431	1,273	308	425	78	5	""	12	251	193	59	25	22	202	23	79	15	 
2015	12080	519	Ohio	-	Totals	-	-	-	-	35	0.284	0.367	0.369	1,226	224	348	58	7	""	11	197	141	31	17	28	185	30	32	16	 
2015	12080	519	Ohio	-	Opponent Totals	-	-	-	-	35	0.269	0.362	0.383	1,229	210	330	57	6	""	24	183	154	34	15	29	272	15	28	16	 
2015	12080	518	Ohio St.	-	Totals	-	-	-	-	41	0.278	0.365	0.408	1,368	222	380	80	13	""	24	204	157	44	23	27	243	30	65	19	 
2015	12080	518	Ohio St.	-	Opponent Totals	-	-	-	-	41	0.248	0.308	0.331	1,398	133	347	54	10	""	14	120	90	33	7	26	276	36	24	14	 
2015	12080	522	Oklahoma	-	Totals	-	-	-	-	47	0.283	0.358	0.403	1,611	266	456	74	13	""	31	230	171	29	21	32	255	36	42	31	 
2015	12080	522	Oklahoma	-	Opponent Totals	-	-	-	-	47	0.242	0.323	0.309	1,592	193	385	58	8	""	11	164	160	36	13	28	418	47	41	15	 
2015	12080	521	Oklahoma St.	-	Totals	-	-	-	-	43	0.287	0.386	0.419	1,493	288	429	72	13	""	33	260	206	46	21	58	337	20	68	17	 
2015	12080	521	Oklahoma St.	-	Opponent Totals	-	-	-	-	43	0.235	0.305	0.313	1,475	146	347	43	7	""	19	133	132	20	10	27	351	30	46	17	 
2015	12080	523	Old Dominion	-	Totals	-	-	-	-	43	0.293	0.382	0.410	1,477	256	433	89	7	""	23	229	185	40	20	30	257	39	52	17	 
2015	12080	523	Old Dominion	-	Opponent Totals	-	-	-	-	43	0.289	0.367	0.403	1,497	234	433	82	8	""	24	211	167	27	18	26	279	31	35	14	 
2015	12080	433	Ole Miss	-	Totals	-	-	-	-	42	0.257	0.354	0.364	1,379	210	354	72	5	""	22	188	185	32	15	19	347	44	37	20	 
2015	12080	433	Ole Miss	-	Opponent Totals	-	-	-	-	42	0.264	0.336	0.385	1,432	218	378	79	7	""	27	203	131	32	17	28	300	34	36	16	 
2015	12080	464	Omaha	-	Totals	-	-	-	-	40	0.280	0.363	0.355	1,350	214	378	50	6	""	13	180	147	40	19	26	310	35	50	17	 
2015	12080	464	Omaha	-	Opponent Totals	-	-	-	-	40	0.297	0.380	0.385	1,401	240	416	62	5	""	17	225	170	32	24	22	263	24	51	11	 
2015	12080	527	Oral Roberts	-	Totals	-	-	-	-	42	0.318	0.405	0.440	1,457	300	464	93	3	""	26	274	198	27	19	34	279	42	40	14	 
2015	12080	527	Oral Roberts	-	Opponent Totals	-	-	-	-	42	0.250	0.317	0.335	1,406	181	351	51	6	""	19	162	110	36	15	25	321	35	21	16	 
2015	12080	529	Oregon	-	Totals	-	-	-	-	44	0.252	0.366	0.371	1,449	243	365	74	15	""	23	220	216	55	16	54	342	29	32	26	 
2015	12080	529	Oregon	-	Opponent Totals	-	-	-	-	44	0.242	0.340	0.318	1,461	207	353	46	7	""	17	178	159	66	16	46	367	41	23	18	 
2015	12080	528	Oregon St.	-	Totals	-	-	-	-	40	0.281	0.366	0.410	1,321	226	371	55	16	""	28	209	162	27	19	41	256	29	27	13	 
2015	12080	528	Oregon St.	-	Opponent Totals	-	-	-	-	40	0.223	0.303	0.319	1,305	156	291	61	11	""	14	140	129	26	11	22	282	34	20	19	 
2015	12080	534	Pacific	-	Totals	-	-	-	-	41	0.261	0.337	0.360	1,370	165	358	65	11	""	16	150	137	24	11	45	300	42	23	20	 
2015	12080	534	Pacific	-	Opponent Totals	-	-	-	-	41	0.303	0.380	0.427	1,438	284	436	77	13	""	25	246	151	42	24	34	242	27	59	20	 
2015	12080	540	Penn	-	Totals	-	-	-	-	34	0.300	0.373	0.474	1,098	196	329	83	6	""	32	185	105	32	14	15	219	28	34	8	 
2015	12080	540	Penn	-	Opponent Totals	-	-	-	-	34	0.252	0.332	0.347	1,024	133	258	51	2	""	14	112	100	30	15	15	197	19	21	18	 
2015	12080	539	Penn St.	-	Totals	-	-	-	-	39	0.260	0.341	0.344	1,375	213	357	67	8	""	11	174	138	36	10	40	283	26	60	13	 
2015	12080	539	Penn St.	-	Opponent Totals	-	-	-	-	39	0.285	0.381	0.409	1,314	230	374	71	10	""	24	206	163	60	30	23	223	48	59	22	 
2015	12080	541	Pepperdine	-	Totals	-	-	-	-	42	0.264	0.359	0.400	1,408	209	372	76	8	""	33	196	163	57	20	36	316	33	22	14	 
2015	12080	541	Pepperdine	-	Opponent Totals	-	-	-	-	42	11.307	14.479	15.264	1,396	189	382	62	7	""	20	170	146	35	16	59	252	33	25	19	 
2015	12080	545	Pittsburgh	-	Totals	-	-	-	-	40	0.246	0.343	0.389	1,315	198	324	57	19	""	31	178	155	51	22	25	331	32	47	27	 
2015	12080	545	Pittsburgh	-	Opponent Totals	-	-	-	-	40	0.258	0.330	0.376	1,376	224	355	64	7	""	28	201	112	41	11	29	326	29	41	19	 
2015	12080	551	Portland	-	Totals	-	-	-	-	45	0.240	0.305	0.341	1,468	147	353	75	8	""	19	135	111	27	3	37	367	38	16	23	 
2015	12080	551	Portland	-	Opponent Totals	-	-	-	-	45	0.314	0.397	0.440	1,505	268	472	102	11	""	22	239	165	55	20	56	214	35	54	21	 
2015	12080	553	Prairie View	-	Totals	-	-	-	-	45	0.256	0.366	0.373	1,404	251	360	54	22	""	22	219	191	59	14	20	315	39	57	21	 
2015	12080	553	Prairie View	-	Opponent Totals	-	-	-	-	45	0.316	0.419	0.468	1,503	379	475	98	14	""	34	334	206	73	17	26	250	29	80	22	 
2015	12080	1320	Presbyterian	-	Totals	-	-	-	-	44	0.290	0.355	0.374	1,547	257	449	63	6	""	18	216	135	29	14	36	281	33	44	24	 
2015	12080	1320	Presbyterian	-	Opponent Totals	-	-	-	-	44	0.284	0.376	0.399	1,534	260	435	77	11	""	26	239	187	53	20	35	322	29	76	19	 
2015	12080	554	Princeton	-	Totals	-	-	-	-	38	0.248	0.315	0.337	1,185	117	294	52	7	""	13	103	97	21	6	9	276	35	17	13	 
2015	12080	554	Princeton	-	Opponent Totals	-	-	-	-	37	0.318	0.398	0.466	1,181	259	376	78	15	""	22	225	133	32	13	16	178	33	51	14	 
2015	12080	559	Purdue	-	Totals	-	-	-	-	44	0.248	0.342	0.346	1,470	203	365	60	6	""	24	186	169	48	13	31	346	40	31	14	 
2015	12080	559	Purdue	-	Opponent Totals	-	-	-	-	44	0.303	0.380	0.419	1,546	282	469	75	16	""	24	258	165	36	14	21	260	46	40	23	 
2015	12080	562	Quinnipiac	-	Totals	-	-	-	-	40	0.268	0.348	0.356	1,271	184	340	61	6	""	13	161	132	30	9	36	239	21	57	22	 
2015	12080	562	Quinnipiac	-	Opponent Totals	-	-	-	-	40	0.256	0.356	0.387	1,239	204	317	89	11	""	17	180	157	43	14	35	235	28	35	11	 
2015	12080	563	Radford	-	Totals	-	-	-	-	42	0.279	0.373	0.391	1,400	251	390	80	7	""	21	221	168	53	17	34	312	27	74	26	 
2015	12080	563	Radford	-	Opponent Totals	-	-	-	-	42	0.256	0.325	0.367	1,393	187	357	58	9	""	26	166	113	33	11	24	314	33	39	24	 
2015	12080	572	Rhode Island	-	Totals	-	-	-	-	35	0.259	0.340	0.368	1,114	165	289	53	13	""	14	146	118	28	21	39	230	22	65	22	 
2015	12080	572	Rhode Island	-	Opponent Totals	-	-	-	-	35	0.242	0.329	0.368	1,127	173	273	55	6	""	25	151	99	53	12	21	243	28	33	10	 
2015	12080	574	Rice	-	Totals	-	-	-	-	45	0.306	0.379	0.394	1,571	277	480	73	12	""	14	256	160	39	20	29	248	31	24	13	 
2015	12080	574	Rice	-	Opponent Totals	-	-	-	-	45	0.246	0.321	0.339	1,514	199	373	54	10	""	22	165	140	30	9	34	410	34	27	11	 
2015	12080	575	Richmond	-	Totals	-	-	-	-	38	0.283	0.377	0.451	1,323	267	375	81	9	""	41	247	165	39	10	20	285	34	26	6	 
2015	12080	575	Richmond	-	Opponent Totals	-	-	-	-	38	0.252	0.345	0.379	1,260	202	318	56	8	""	29	183	136	46	9	26	300	26	35	26	 
2015	12080	576	Rider	-	Totals	-	-	-	-	36	0.228	0.319	0.299	1,174	179	268	60	4	""	5	146	117	45	12	15	247	28	52	17	 
2015	12080	576	Rider	-	Opponent Totals	-	-	-	-	36	0.273	0.367	0.388	1,177	185	321	60	14	""	16	166	156	27	12	18	224	33	38	13	 
2015	12080	587	Rutgers	-	Totals	-	-	-	-	43	0.251	0.338	0.343	1,416	205	355	62	13	""	14	176	162	35	21	25	238	27	62	21	 
2015	12080	587	Rutgers	-	Opponent Totals	-	-	-	-	43	0.305	0.390	0.459	1,511	299	461	93	22	""	32	280	174	53	26	22	258	32	40	19	 
2015	12080	660	SIUE	-	Totals	-	-	-	-	36	0.278	0.358	0.432	1,249	205	347	78	6	""	34	186	131	33	16	15	245	42	31	13	 
2015	12080	660	SIUE	-	Opponent Totals	-	-	-	-	36	10.877	14.019	16.597	1,282	281	395	80	8	""	38	254	159	46	20	11	226	25	59	15	 
2015	12080	102	Sacramento St.	-	Totals	-	-	-	-	43	0.254	0.329	0.354	1,428	182	362	55	13	""	21	168	134	31	10	21	265	28	54	18	 
2015	12080	102	Sacramento St.	-	Opponent Totals	-	-	-	-	43	0.252	0.305	0.341	1,391	171	350	60	8	""	16	153	93	20	16	37	225	30	38	29	 
2015	12080	590	Sacred Heart	-	Totals	-	-	-	-	36	0.229	0.315	0.313	1,158	142	265	48	2	""	15	129	121	28	8	33	267	28	35	17	 
2015	12080	590	Sacred Heart	-	Opponent Totals	-	-	-	-	36	0.279	0.385	0.391	1,152	203	321	57	6	""	20	190	171	40	18	33	198	28	49	21	 
2015	12080	606	Saint Joseph's	-	Totals	-	-	-	-	35	0.270	0.355	0.388	1,197	171	323	66	9	""	19	155	129	40	19	7	320	19	32	9	 
2015	12080	606	Saint Joseph's	-	Opponent Totals	-	-	-	-	35	0.272	0.364	0.387	1,149	197	312	69	14	""	12	168	131	46	18	25	215	29	29	17	 
2015	12080	609	Saint Louis	-	Totals	-	-	-	-	43	0.309	0.378	0.426	1,520	288	470	80	7	""	28	254	138	40	15	9	261	40	33	12	 
2015	12080	609	Saint Louis	-	Opponent Totals	-	-	-	-	43	0.238	0.341	0.332	1,377	204	328	69	9	""	14	181	176	47	14	24	310	40	31	13	 
2015	12080	617	Saint Peter's	-	Totals	-	-	-	-	35	0.224	0.322	0.310	1,105	142	248	38	9	""	13	116	130	32	5	11	256	33	29	9	 
2015	12080	617	Saint Peter's	-	Opponent Totals	-	-	-	-	35	0.324	0.433	0.451	1,146	269	371	90	10	""	12	248	176	57	15	27	183	27	59	14	 
2015	12080	624	Sam Houston St.	-	Totals	-	-	-	-	45	0.283	0.357	0.364	1,581	247	448	67	6	""	16	213	149	38	9	31	269	30	62	17	 
2015	12080	624	Sam Houston St.	-	Opponent Totals	-	-	-	-	45	0.254	0.318	0.367	1,559	204	396	63	7	""	33	182	116	36	14	32	317	23	44	16	 
2015	12080	625	Samford	-	Totals	-	-	-	-	42	0.293	0.370	0.475	1,496	298	438	70	11	""	60	278	158	34	16	11	334	33	40	12	 
2015	12080	625	Samford	-	Opponent Totals	-	-	-	-	42	0.280	0.366	0.396	1,462	254	410	73	9	""	26	217	149	56	13	22	321	33	43	20	 
2015	12080	627	San Diego	-	Totals	-	-	-	-	42	0.306	0.384	0.406	1,450	253	444	75	11	""	16	236	155	38	18	28	224	46	31	25	 
2015	12080	627	San Diego	-	Opponent Totals	-	-	-	-	42	0.246	0.344	0.342	1,409	192	346	71	10	""	15	172	173	44	13	35	358	27	16	14	 
2015	12080	626	San Diego St.	-	Totals	-	-	-	-	45	0.288	0.378	0.402	1,546	287	445	84	9	""	25	265	184	54	21	32	307	32	33	24	 
2015	12080	626	San Diego St.	-	Opponent Totals	-	-	-	-	45	0.268	0.343	0.382	1,565	228	420	74	10	""	28	211	150	35	16	36	380	27	34	29	 
2015	12080	629	San Francisco	-	Totals	-	-	-	-	44	0.269	0.347	0.380	1,497	210	403	79	9	""	23	193	148	38	12	46	322	37	34	18	 
2015	12080	629	San Francisco	-	Opponent Totals	-	-	-	-	44	0.279	0.359	0.396	1,501	216	419	83	15	""	21	200	157	38	15	39	295	31	28	25	 
2015	12080	630	San Jose St.	-	Totals	-	-	-	-	44	0.241	0.328	0.301	1,430	165	344	52	7	""	7	148	154	38	13	43	254	36	30	20	 
2015	12080	630	San Jose St.	-	Opponent Totals	-	-	-	-	44	0.318	0.411	0.469	1,502	327	477	103	14	""	32	304	190	62	20	43	233	29	36	20	 
2015	12080	631	Santa Clara	-	Totals	-	-	-	-	42	0.251	0.339	0.364	1,359	181	341	75	12	""	18	160	155	32	10	30	303	28	25	22	 
2015	12080	631	Santa Clara	-	Opponent Totals	-	-	-	-	42	0.277	0.363	0.383	1,423	224	394	63	17	""	18	206	158	40	9	32	286	38	42	29	 
2015	12080	632	Savannah St.	-	Totals	-	-	-	-	45	0.269	0.360	0.341	1,441	202	388	68	6	""	8	176	156	56	13	28	296	37	42	24	 
2015	12080	632	Savannah St.	-	Opponent Totals	-	-	-	-	45	0.277	0.366	0.390	1,457	251	403	62	14	""	25	220	168	47	18	30	243	29	45	19	 
2015	12080	1356	Seattle	-	Totals	-	-	-	-	41	0.256	0.351	0.344	1,318	197	338	56	15	""	10	173	173	28	18	38	233	34	63	19	 
2015	12080	1356	Seattle	-	Opponent Totals	-	-	-	-	41	0.251	0.324	0.321	1,360	178	342	48	2	""	14	145	116	38	15	35	310	32	38	22	 
2015	12080	635	Seton Hall	-	Totals	-	-	-	-	35	0.253	0.357	0.335	1,151	185	291	52	5	""	11	165	147	48	14	14	267	22	66	17	 
2015	12080	635	Seton Hall	-	Opponent Totals	-	-	-	-	35	0.250	0.329	0.335	1,129	140	282	42	9	""	12	126	103	39	18	24	202	21	21	11	 
2015	12080	639	Siena	-	Totals	-	-	-	-	36	0.239	0.329	0.340	1,122	152	268	52	4	""	18	139	129	26	9	15	271	22	16	10	 
2015	12080	639	Siena	-	Opponent Totals	-	-	-	-	36	0.282	0.370	0.377	1,113	187	314	56	7	""	12	170	123	39	11	23	227	15	25	19	 
2015	12080	646	South Ala.	-	Totals	-	-	-	-	45	0.283	0.380	0.349	1,543	252	437	48	13	""	9	215	203	51	23	37	218	38	64	21	 
2015	12080	646	South Ala.	-	Opponent Totals	-	-	-	-	45	0.247	0.338	0.327	1,534	180	379	63	3	""	18	168	167	53	17	25	358	32	38	13	 
2015	12080	648	South Carolina	-	Totals	-	-	-	-	45	0.254	0.349	0.367	1,476	236	375	49	14	""	30	216	198	32	26	18	293	41	47	12	 
2015	12080	648	South Carolina	-	Opponent Totals	-	-	-	-	45	0.257	0.344	0.349	1,514	207	389	74	3	""	20	182	173	34	14	27	372	44	37	16	 
2015	12080	649	South Dakota St.	-	Totals	-	-	-	-	42	0.291	0.379	0.391	1,479	290	430	79	8	""	18	241	182	40	20	27	266	24	71	10	 
2015	12080	649	South Dakota St.	-	Opponent Totals	-	-	-	-	42	0.271	0.350	0.367	1,375	194	373	59	5	""	21	168	131	44	14	20	336	38	37	25	 
2015	12080	651	South Fla.	-	Totals	-	-	-	-	44	0.261	0.349	0.383	1,462	232	381	68	9	""	31	209	163	42	11	29	334	26	59	16	 
2015	12080	651	South Fla.	-	Opponent Totals	-	-	-	-	44	0.244	0.345	0.349	1,479	222	361	62	6	""	27	198	185	51	13	31	387	34	45	18	 
2015	12080	654	Southeast Mo. St.	-	Totals	-	-	-	-	43	0.304	0.409	0.477	1,500	343	456	94	11	""	48	313	244	39	22	25	308	35	40	24	 
2015	12080	654	Southeast Mo. St.	-	Opponent Totals	-	-	-	-	43	0.251	0.357	0.377	1,447	219	363	67	1	""	38	192	202	46	18	16	363	40	38	17	 
2015	12080	655	Southeastern La.	-	Totals	-	-	-	-	45	0.308	0.403	0.399	1,526	297	470	65	10	""	18	259	195	58	17	30	314	46	66	25	 
2015	12080	655	Southeastern La.	-	Opponent Totals	-	-	-	-	45	0.247	0.318	0.334	1,516	198	374	56	14	""	16	169	121	44	13	26	367	28	34	18	 
2015	12080	657	Southern California	-	Totals	-	-	-	-	42	0.296	0.374	0.397	1,456	270	431	70	7	""	21	246	154	47	35	36	259	37	68	22	 
2015	12080	657	Southern California	-	Opponent Totals	-	-	-	-	42	0.251	0.339	0.329	1,437	168	361	46	6	""	18	153	169	28	12	38	340	36	27	24	 
2015	12080	659	Southern Ill.	-	Totals	-	-	-	-	45	0.259	0.330	0.336	1,546	182	401	64	6	""	14	158	134	32	7	27	323	30	14	15	 
2015	12080	659	Southern Ill.	-	Opponent Totals	-	-	-	-	45	0.303	0.403	0.452	1,528	316	463	108	13	""	31	290	216	50	17	27	281	41	38	19	 
2015	12080	664	Southern Miss.	-	Totals	-	-	-	-	40	0.270	0.352	0.385	1,345	212	363	60	7	""	27	189	140	39	16	29	265	31	43	18	 
2015	12080	664	Southern Miss.	-	Opponent Totals	-	-	-	-	40	0.256	0.334	0.348	1,303	163	334	51	4	""	20	143	126	34	14	22	267	42	23	20	 
2015	12080	665	Southern U.	-	Totals	-	-	-	-	32	0.266	0.355	0.389	1,062	174	282	45	13	""	20	150	110	43	9	22	248	19	44	16	 
2015	12080	665	Southern U.	-	Opponent Totals	-	-	-	-	32	0.274	0.374	0.392	1,106	206	303	64	20	""	9	184	143	40	9	13	260	26	54	24	 
2015	12080	596	St. Bonaventure	-	Totals	-	-	-	-	33	0.262	0.349	0.339	1,086	151	285	49	8	""	6	136	116	34	12	25	193	21	35	14	 
2015	12080	596	St. Bonaventure	-	Opponent Totals	-	-	-	-	33	0.278	0.372	0.399	1,071	168	298	63	12	""	14	153	127	41	14	25	206	22	42	9	 
2015	12080	603	St. John's (NY)	-	Totals	-	-	-	-	38	0.276	0.367	0.357	1,270	203	350	56	6	""	12	181	158	35	18	29	218	34	21	16	 
2015	12080	603	St. John's (NY)	-	Opponent Totals	-	-	-	-	38	0.248	0.339	0.345	1,244	194	308	64	12	""	11	171	142	40	19	29	287	32	34	19	 
2015	12080	610	St. Mary's (CA)	-	Totals	-	-	-	-	42	0.296	0.381	0.387	1,431	225	424	72	8	""	14	194	168	36	14	69	298	26	48	27	 
2015	12080	610	St. Mary's (CA)	-	Opponent Totals	-	-	-	-	42	0.278	0.362	0.383	1,405	213	390	91	6	""	15	202	154	44	20	43	303	31	29	29	 
2015	12080	674	Stanford	-	Totals	-	-	-	-	38	0.252	0.332	0.341	1,267	179	319	59	9	""	12	156	125	33	10	28	217	34	20	9	 
2015	12080	674	Stanford	-	Opponent Totals	-	-	-	-	38	0.267	0.380	0.372	1,243	219	332	56	6	""	21	192	203	31	13	41	263	33	25	24	 
2015	12080	676	Stephen F. Austin	-	Totals	-	-	-	-	41	0.259	0.339	0.351	1,380	176	358	53	13	""	16	154	134	37	9	26	301	37	53	16	 
2015	12080	676	Stephen F. Austin	-	Opponent Totals	-	-	-	-	41	0.293	0.389	0.416	1,392	285	408	81	15	""	20	254	198	37	27	28	244	29	53	16	 
2015	12080	678	Stetson	-	Totals	-	-	-	-	45	0.284	0.364	0.414	1,553	270	441	92	13	""	28	256	155	49	15	15	261	32	27	11	 
2015	12080	678	Stetson	-	Opponent Totals	-	-	-	-	45	0.285	0.365	0.391	1,544	237	440	73	5	""	27	216	155	47	15	26	301	43	51	18	 
2015	12080	683	Stony Brook	-	Totals	-	-	-	-	32	0.267	0.367	0.344	1,023	158	273	42	14	""	3	137	138	26	5	16	149	29	31	13	 
2015	12080	683	Stony Brook	-	Opponent Totals	-	-	-	-	32	0.247	0.342	0.377	1,005	138	248	58	17	""	13	127	118	33	11	19	218	15	33	17	 
2015	12080	698	TCU	-	Totals	-	-	-	-	42	0.293	0.365	0.372	1,427	247	418	59	9	""	12	219	146	25	17	14	274	39	78	25	 
2015	12080	698	TCU	-	Opponent Totals	-	-	-	-	42	0.218	0.273	0.300	1,391	120	303	43	7	""	19	112	84	24	9	20	370	28	23	9	 
2015	12080	694	Tennessee	-	Totals	-	-	-	-	39	0.260	0.349	0.380	1,262	178	328	48	14	""	25	160	134	45	12	42	288	28	42	23	 
2015	12080	694	Tennessee	-	Opponent Totals	-	-	-	-	39	9.233	12.502	13.971	1,270	192	309	67	14	""	22	167	145	24	14	20	315	29	29	19	 
2015	12080	692	Tennessee Tech	-	Totals	-	-	-	-	39	0.273	0.379	0.411	1,357	269	371	85	6	""	30	240	188	59	25	14	258	41	19	5	 
2015	12080	692	Tennessee Tech	-	Opponent Totals	-	-	-	-	39	11.589	14.228	16.122	1,414	271	428	67	6	22	30	244	136	38	25	23	285	35	39	17	 
2015	12080	536	Tex.-Pan American	-	Totals	-	-	-	-	41	0.265	0.357	0.356	1,361	220	360	62	10	""	14	188	164	38	11	28	258	37	29	19	 
2015	12080	536	Tex.-Pan American	-	Opponent Totals	-	-	-	-	41	0.279	0.371	0.394	1,392	253	389	83	10	""	19	229	175	39	21	24	230	39	54	14	 
2015	12080	703	Texas	-	Totals	-	-	-	-	44	0.253	0.345	0.385	1,518	209	384	75	18	""	30	191	183	36	10	48	335	38	28	15	 
2015	12080	703	Texas	-	Opponent Totals	-	-	-	-	44	0.249	0.328	0.324	1,504	168	375	54	5	""	16	153	146	37	12	48	275	44	31	17	 
2015	12080	697	Texas A&M	-	Totals	-	-	-	-	44	0.314	0.408	0.475	1,463	315	460	73	9	""	48	295	204	46	26	22	267	45	28	12	 
2015	12080	697	Texas A&M	-	Opponent Totals	-	-	-	-	44	0.244	0.309	0.306	1,473	141	360	49	9	""	8	126	112	29	8	21	379	33	33	18	 
2015	12080	699	Texas Southern	-	Totals	-	-	-	-	35	0.283	0.371	0.405	1,204	233	341	58	13	""	21	214	142	31	9	21	250	13	111	22	 
2015	12080	699	Texas Southern	-	Opponent Totals	-	-	-	-	35	0.250	0.362	0.365	1,163	183	291	49	8	""	23	167	160	50	11	23	258	23	58	20	 
2015	12080	670	Texas St.	-	Totals	-	-	-	-	43	0.239	0.335	0.353	1,454	213	347	57	8	""	31	192	173	42	7	21	311	29	26	13	 
2015	12080	670	Texas St.	-	Opponent Totals	-	-	-	-	43	0.293	0.380	0.409	1,510	279	442	66	13	""	28	240	163	57	12	24	252	42	71	27	 
2015	12080	700	Texas Tech	-	Totals	-	-	-	-	44	0.276	0.369	0.410	1,523	242	421	90	7	""	33	223	197	36	15	28	296	35	31	11	 
2015	12080	700	Texas Tech	-	Opponent Totals	-	-	-	-	44	0.260	0.353	0.340	1,505	185	392	64	10	""	12	164	177	42	9	36	332	51	55	13	 
2015	12080	702	Texas-Arlington	-	Totals	-	-	-	-	42	0.262	0.346	0.335	1,439	187	377	63	6	""	10	171	167	25	14	17	275	44	23	7	 
2015	12080	702	Texas-Arlington	-	Opponent Totals	-	-	-	-	42	0.301	0.366	0.410	1,433	206	431	71	16	""	18	192	115	41	16	49	219	39	39	22	 
2015	12080	709	Toledo	-	Totals	-	-	-	-	39	0.232	0.292	0.308	1,326	123	308	51	4	""	14	106	86	31	12	33	282	25	25	13	 
2015	12080	709	Toledo	-	Opponent Totals	-	-	-	-	39	0.267	0.370	0.370	1,291	217	345	54	8	""	21	190	187	35	18	32	233	40	55	20	 
2015	12080	711	Towson	-	Totals	-	-	-	-	43	0.289	0.383	0.399	1,519	275	439	87	10	""	20	246	216	28	20	24	305	38	47	29	 
2015	12080	711	Towson	-	Opponent Totals	-	-	-	-	43	0.317	0.391	0.475	1,585	362	502	103	14	""	40	310	175	34	25	29	230	38	80	16	 
2015	12080	716	Troy	-	Totals	-	-	-	-	45	0.264	0.345	0.382	1,483	211	392	69	11	""	28	194	153	36	12	31	320	34	66	19	 
2015	12080	716	Troy	-	Opponent Totals	-	-	-	-	45	0.274	0.344	0.395	1,547	233	424	89	7	""	28	214	135	35	11	36	276	46	27	3	 
2015	12080	718	Tulane	-	Totals	-	-	-	-	42	0.248	0.334	0.345	1,377	185	342	47	10	""	22	161	151	33	13	38	342	29	38	22	 
2015	12080	718	Tulane	-	Opponent Totals	-	-	-	-	42	0.243	0.335	0.329	1,369	148	332	54	7	""	17	137	149	48	14	24	290	44	18	31	 
2015	12080	9	UAB	-	Totals	-	-	-	-	41	0.248	0.333	0.348	1,328	195	330	54	9	""	20	173	142	33	13	28	284	24	42	7	 
2015	12080	9	UAB	-	Opponent Totals	-	-	-	-	41	0.237	0.332	0.327	1,303	158	309	46	10	""	17	140	150	40	8	24	290	43	30	12	 
2015	12080	32	UALR	-	Totals	-	-	-	-	39	0.258	0.339	0.328	1,285	157	332	52	4	""	10	143	121	42	12	24	275	40	33	14	 
2015	12080	32	UALR	-	Opponent Totals	-	-	-	-	39	0.295	0.394	0.431	1,331	269	393	75	9	""	29	250	189	37	13	31	274	19	45	24	 
2015	12080	108	UC Davis	-	Totals	-	-	-	-	42	0.295	0.381	0.403	1,446	239	427	96	15	""	10	201	139	70	16	39	233	37	96	39	 
2015	12080	108	UC Davis	-	Opponent Totals	-	-	-	-	42	0.274	0.351	0.349	1,433	203	393	61	11	""	8	182	140	36	12	41	270	45	38	21	 
2015	12080	109	UC Irvine	-	Totals	-	-	-	-	40	0.279	0.364	0.388	1,357	217	378	69	7	""	22	196	146	43	13	43	255	46	21	14	 
2015	12080	109	UC Irvine	-	Opponent Totals	-	-	-	-	40	0.301	0.359	0.415	1,407	185	424	85	12	""	17	169	105	31	18	38	279	38	23	21	 
2015	12080	111	UC Riverside	-	Totals	-	-	-	-	41	0.269	0.334	0.362	1,455	188	392	64	8	""	18	165	118	27	7	25	345	47	31	22	 
2015	12080	111	UC Riverside	-	Opponent Totals	-	-	-	-	41	0.290	0.371	0.389	1,476	274	428	67	8	""	21	245	150	49	17	47	283	23	51	23	 
2015	12080	104	UC Santa Barbara	-	Totals	-	-	-	-	41	0.296	0.383	0.389	1,387	227	411	63	13	""	13	206	155	50	17	48	255	25	51	25	 
2015	12080	104	UC Santa Barbara	-	Opponent Totals	-	-	-	-	41	0.232	0.293	0.297	1,355	119	315	41	7	""	11	108	101	21	12	32	335	29	13	17	 
2015	12080	128	UCF	-	Totals	-	-	-	-	45	0.302	0.392	0.475	1,542	298	465	86	13	""	52	283	190	48	15	25	339	32	37	11	 
2015	12080	128	UCF	-	Opponent Totals	-	-	-	-	45	0.267	0.366	0.365	1,503	245	401	45	12	""	26	213	211	33	15	29	332	36	29	21	 
2015	12080	110	UCLA	-	Totals	-	-	-	-	40	0.291	0.380	0.430	1,352	258	393	89	14	""	24	232	168	40	20	40	235	33	43	17	 
2015	12080	110	UCLA	-	Opponent Totals	-	-	-	-	40	0.223	0.284	0.308	1,305	124	291	53	5	""	16	113	89	26	9	19	356	30	20	14	 
2015	12080	164	UConn	-	Totals	-	-	-	-	45	0.287	0.386	0.415	1,570	302	451	88	8	""	32	274	206	61	23	23	324	39	74	23	 
2015	12080	164	UConn	-	Opponent Totals	-	-	-	-	45	0.218	0.293	0.285	1,483	156	324	50	2	""	15	137	145	18	15	17	366	29	35	18	 
2015	12080	391	UMBC	-	Totals	-	-	-	-	35	0.268	0.347	0.362	1,161	188	311	50	7	""	15	169	111	37	12	19	182	22	74	19	 
2015	12080	391	UMBC	-	Opponent Totals	-	-	-	-	35	0.256	0.341	0.356	1,154	156	296	68	4	""	13	141	125	28	10	14	264	27	50	17	 
2015	12080	393	UMES	-	Totals	-	-	-	-	42	0.221	0.306	0.296	1,297	152	287	47	7	""	12	129	131	29	6	38	363	18	58	13	 
2015	12080	393	UMES	-	Opponent Totals	-	-	-	-	42	0.278	0.351	0.374	1,336	227	372	76	11	""	10	201	129	33	22	34	219	22	53	15	 
2015	12080	368	UMass Lowell	-	Totals	-	-	-	-	33	0.262	0.360	0.334	1,052	147	276	42	9	""	5	131	127	41	15	32	211	21	69	18	 
2015	12080	368	UMass Lowell	-	Opponent Totals	-	-	-	-	33	8.916	12.143	13.479	1,021	195	279	64	10	17	21	169	137	41	16	30	113	30	32	8	 
2015	12080	456	UNC Asheville	-	Totals	-	-	-	-	44	0.254	0.348	0.361	1,497	249	380	69	7	""	26	215	199	31	27	6	431	29	22	7	 
2015	12080	456	UNC Asheville	-	Opponent Totals	-	-	-	-	44	0.313	0.406	0.440	1,529	326	478	86	8	""	31	272	204	54	26	32	243	45	63	23	 
2015	12080	459	UNCG	-	Totals	-	-	-	-	39	0.295	0.371	0.461	1,342	247	396	69	11	""	44	222	154	17	15	18	301	29	28	13	 
2015	12080	459	UNCG	-	Opponent Totals	-	-	-	-	39	0.291	0.396	0.428	1,312	261	382	71	9	""	30	235	197	45	22	20	282	27	37	17	 
2015	12080	460	UNCW	-	Totals	-	-	-	-	40	0.306	0.384	0.438	1,394	281	427	73	9	""	31	241	163	25	20	29	317	25	56	23	 
2015	12080	460	UNCW	-	Opponent Totals	-	-	-	-	40	0.252	0.358	0.358	1,363	212	343	46	3	""	31	183	200	32	13	21	344	36	41	15	 
2015	12080	465	UNLV	-	Totals	-	-	-	-	42	0.277	0.353	0.367	1,434	216	397	65	14	""	12	194	144	37	22	23	274	47	48	20	 
2015	12080	465	UNLV	-	Opponent Totals	-	-	-	-	42	0.294	0.368	0.420	1,502	235	441	100	9	""	24	215	138	49	16	29	307	30	43	17	 
2015	12080	10411	USC Upstate	-	Totals	-	-	-	-	45	0.277	0.359	0.367	1,552	243	430	74	12	""	14	201	166	48	28	32	369	41	19	2	 
2015	12080	10411	USC Upstate	-	Opponent Totals	-	-	-	-	45	0.322	0.392	0.446	1,647	333	530	86	11	""	32	305	183	21	23	29	298	18	55	19	 
2015	12080	695	UT Martin	-	Totals	-	-	-	-	41	0.261	0.341	0.377	1,408	204	367	75	7	""	25	185	142	36	13	19	332	38	29	9	 
2015	12080	695	UT Martin	-	Opponent Totals	-	-	-	-	41	0.312	0.427	0.484	1,424	333	445	98	13	""	40	305	241	59	20	25	252	21	54	22	 
2015	12080	706	UTSA	-	Totals	-	-	-	-	44	0.284	0.368	0.436	1,507	275	428	96	8	""	39	240	162	50	22	26	306	21	54	19	 
2015	12080	706	UTSA	-	Opponent Totals	-	-	-	-	44	0.289	0.359	0.405	1,550	247	448	59	6	""	36	221	150	30	17	35	299	20	16	19	 
2015	12080	732	Utah	-	Totals	-	-	-	-	39	0.257	0.349	0.345	1,256	177	323	49	8	""	15	161	125	58	11	34	260	33	55	40	 
2015	12080	732	Utah	-	Opponent Totals	-	-	-	-	39	0.285	0.354	0.423	1,353	228	385	68	16	""	29	201	126	24	9	25	253	22	47	17	 
2015	12080	30024	Utah Valley	-	Totals	-	-	-	-	40	0.256	0.340	0.346	1,360	206	348	60	16	""	10	186	149	30	10	15	322	34	33	13	 
2015	12080	30024	Utah Valley	-	Opponent Totals	-	-	-	-	40	0.323	0.420	0.457	1,392	284	449	84	17	""	23	254	210	36	16	33	207	36	63	23	 
2015	12080	740	VCU	-	Totals	-	-	-	-	43	0.277	0.364	0.362	1,455	225	403	52	10	""	17	193	146	65	19	40	265	34	39	24	 
2015	12080	740	VCU	-	Opponent Totals	-	-	-	-	43	0.240	0.312	0.314	1,424	153	342	47	5	""	16	132	121	32	11	26	351	30	39	13	 
2015	12080	741	VMI	-	Totals	-	-	-	-	34	0.266	0.353	0.430	1,144	168	304	61	8	""	37	155	119	40	9	23	295	23	57	14	 
2015	12080	741	VMI	-	Opponent Totals	-	-	-	-	34	0.293	0.386	0.442	1,173	237	344	66	2	""	35	211	146	38	12	19	224	22	34	18	 
2015	12080	735	Valparaiso	-	Totals	-	-	-	-	37	0.276	0.383	0.382	1,313	240	363	73	6	""	18	214	191	49	21	25	308	17	36	16	 
2015	12080	735	Valparaiso	-	Opponent Totals	-	-	-	-	37	0.317	0.379	0.441	1,297	231	411	91	5	""	20	213	110	33	22	25	200	32	47	10	 
2015	12080	736	Vanderbilt	-	Totals	-	-	-	-	45	0.300	0.392	0.456	1,577	313	473	96	18	""	38	281	209	45	22	28	386	37	68	28	 
2015	12080	736	Vanderbilt	-	Opponent Totals	-	-	-	-	45	0.212	0.322	0.304	1,488	159	316	62	7	""	20	141	210	36	13	23	452	42	18	15	 
2015	12080	739	Villanova	-	Totals	-	-	-	-	38	0.264	0.353	0.349	1,301	169	343	60	9	""	11	144	138	43	2	24	242	33	39	16	 
2015	12080	739	Villanova	-	Opponent Totals	-	-	-	-	38	0.278	0.367	0.369	1,297	196	360	58	11	""	13	165	159	34	16	23	248	33	58	22	 
2015	12080	746	Virginia	-	Totals	-	-	-	-	44	0.276	0.363	0.387	1,527	241	421	68	12	""	26	220	168	51	15	38	236	33	34	19	 
2015	12080	746	Virginia	-	Opponent Totals	-	-	-	-	44	0.237	0.337	0.340	1,472	184	349	55	8	""	27	170	194	33	12	34	396	29	28	18	 
2015	12080	742	Virginia Tech	-	Totals	-	-	-	-	41	0.266	0.350	0.391	1,422	229	378	75	11	""	27	204	158	36	16	29	322	32	23	7	 
2015	12080	742	Virginia Tech	-	Opponent Totals	-	-	-	-	41	0.273	0.366	0.409	1,424	275	389	82	8	""	32	249	170	46	14	36	309	32	32	14	 
2015	12080	748	Wagner	-	Totals	-	-	-	-	30	0.271	0.365	0.358	998	147	270	54	3	""	9	128	128	27	10	26	189	22	38	8	 
2015	12080	748	Wagner	-	Opponent Totals	-	-	-	-	30	0.252	0.372	0.338	970	148	244	37	4	""	13	129	157	32	5	22	203	18	35	15	 
2015	12080	749	Wake Forest	-	Totals	-	-	-	-	45	0.307	0.391	0.468	1,595	306	490	111	4	""	46	288	185	46	16	23	341	35	46	12	 
2015	12080	749	Wake Forest	-	Opponent Totals	-	-	-	-	45	0.278	0.380	0.432	1,554	291	432	85	7	""	47	258	220	48	21	32	305	44	67	11	 
2015	12080	756	Washington	-	Totals	-	-	-	-	41	0.261	0.361	0.375	1,417	207	370	72	6	""	26	174	162	65	12	43	270	30	30	10	 
2015	12080	756	Washington	-	Opponent Totals	-	-	-	-	41	9.677	12.481	13.891	1,382	155	334	60	10	28	22	139	120	26	10	31	289	35	15	20	 
2015	12080	754	Washington St.	-	Totals	-	-	-	-	42	0.243	0.339	0.333	1,352	194	328	60	13	""	12	171	163	41	12	32	309	23	44	26	 
2015	12080	754	Washington St.	-	Opponent Totals	-	-	-	-	42	0.247	0.347	0.330	1,358	180	336	57	2	""	17	156	173	39	10	43	297	42	46	19	 
2015	12080	768	West Virginia	-	Totals	-	-	-	-	33	0.288	0.365	0.445	1,193	213	344	74	4	""	35	196	123	29	14	20	265	27	40	15	 
2015	12080	768	West Virginia	-	Opponent Totals	-	-	-	-	32	0.254	0.349	0.372	1,060	144	269	55	11	""	16	127	125	39	16	14	212	32	24	14	 
2015	12080	769	Western Caro.	-	Totals	-	-	-	-	40	0.290	0.376	0.420	1,377	271	400	78	7	""	29	242	144	56	20	24	304	19	57	17	 
2015	12080	769	Western Caro.	-	Opponent Totals	-	-	-	-	40	0.287	0.404	0.421	1,372	295	394	87	11	""	25	247	239	41	18	31	330	36	43	9	 
2015	12080	771	Western Ill.	-	Totals	-	-	-	-	38	0.238	0.323	0.307	1,239	153	295	40	3	""	13	133	118	42	9	14	275	30	43	19	 
2015	12080	771	Western Ill.	-	Opponent Totals	-	-	-	-	38	0.285	0.397	0.373	1,292	265	368	64	7	""	12	225	200	52	17	22	296	18	70	15	 
2015	12080	772	Western Ky.	-	Totals	-	-	-	-	41	0.277	0.354	0.417	1,404	224	389	79	8	""	34	204	153	23	16	22	299	23	33	16	 
2015	12080	772	Western Ky.	-	Opponent Totals	-	-	-	-	41	0.275	0.365	0.394	1,374	226	378	72	7	""	26	194	156	47	16	28	251	38	35	22	 
2015	12080	774	Western Mich.	-	Totals	-	-	-	-	38	0.250	0.333	0.341	1,295	191	324	55	15	""	11	168	111	53	6	30	226	33	25	15	 
2015	12080	774	Western Mich.	-	Opponent Totals	-	-	-	-	38	0.289	0.377	0.381	1,274	217	368	67	9	""	11	198	149	42	16	37	248	43	38	12	 
2015	12080	782	Wichita St.	-	Totals	-	-	-	-	43	0.270	0.354	0.382	1,437	246	388	69	7	""	26	227	145	50	16	25	338	29	63	15	 
2015	12080	782	Wichita St.	-	Opponent Totals	-	-	-	-	43	0.279	0.376	0.394	1,428	260	398	69	12	""	24	228	197	37	17	32	345	27	51	24	 
2015	12080	786	William & Mary	-	Totals	-	-	-	-	40	0.277	0.368	0.432	1,399	257	387	101	6	""	35	231	159	49	9	23	308	40	24	4	 
2015	12080	786	William & Mary	-	Opponent Totals	-	-	-	-	40	12.110	15.159	17.234	1,382	262	427	77	7	""	30	237	144	41	21	31	243	23	43	16	 
2015	12080	792	Winthrop	-	Totals	-	-	-	-	46	0.297	0.379	0.390	1,567	284	465	68	12	""	18	249	186	35	23	33	309	34	57	24	 
2015	12080	792	Winthrop	-	Opponent Totals	-	-	-	-	46	0.272	0.345	0.382	1,582	211	431	78	7	""	27	190	142	40	15	24	357	35	54	16	 
2015	12080	2915	Wofford	-	Totals	-	-	-	-	45	0.303	0.394	0.449	1,487	304	450	96	13	""	32	260	195	45	26	35	317	25	104	25	 
2015	12080	2915	Wofford	-	Opponent Totals	-	-	-	-	45	0.267	0.345	0.383	1,519	223	406	65	9	""	31	201	151	36	14	28	379	29	28	11	 
2015	12080	810	Wright St.	-	Totals	-	-	-	-	42	0.296	0.380	0.422	1,466	283	434	92	12	""	23	253	163	48	19	35	278	33	57	23	 
2015	12080	810	Wright St.	-	Opponent Totals	-	-	-	-	42	0.255	0.330	0.372	1,416	186	361	65	13	""	25	167	131	34	15	28	286	31	32	17	 
2015	12080	812	Xavier	-	Totals	-	-	-	-	44	0.241	0.322	0.320	1,467	170	353	50	9	""	16	153	136	49	19	12	337	30	59	19	 
2015	12080	812	Xavier	-	Opponent Totals	-	-	-	-	44	0.270	0.377	0.394	1,423	240	384	74	12	""	26	217	196	55	9	26	290	33	39	28	 
2015	12080	813	Yale	-	Totals	-	-	-	-	38	0.268	0.356	0.339	1,278	185	343	70	1	""	6	151	132	47	10	12	281	22	49	19	 
2015	12080	813	Yale	-	Opponent Totals	-	-	-	-	38	0.317	0.403	0.454	1,316	310	417	84	5	""	29	284	159	45	22	22	227	19	58	19	 
2015	12080	817	Youngstown St.	-	Totals	-	-	-	-	38	0.245	0.334	0.315	1,276	167	312	42	6	""	12	146	146	29	8	18	290	33	26	15	 
2015	12080	817	Youngstown St.	-	Opponent Totals	-	-	-	-	38	0.288	0.404	0.399	1,303	272	375	68	10	""	19	243	210	58	19	21	200	27	71	13	 
